"Priseljeni po: SPOL, DR꾀VA PREJ굁JEGA PREBIVALI궫A, LETO,"
"DR꾀VLJANSTVO , IZOBRAZBA"

"Mo뚊i"
" ";"....Bosna in Hercegovina"
" ";" ";"2011"
" ";" ";" ";"Dr료vljani RS"
" ";" ";" ";" ";"Osnovno뚎lska ali manj";25
" ";" ";" ";" ";"Srednje뚎lska";66
" ";" ";" ";" ";"Vi뚉e뚎lska, visoko뚎lska";24
" ";" ";" ";"Tuji dr료vljani"
" ";" ";" ";" ";"Osnovno뚎lska ali manj";494
" ";" ";" ";" ";"Srednje뚎lska";1399
" ";" ";" ";" ";"Vi뚉e뚎lska, visoko뚎lska";17
" ";" ";"2012"
" ";" ";" ";"Dr료vljani RS"
" ";" ";" ";" ";"Osnovno뚎lska ali manj";23
" ";" ";" ";" ";"Srednje뚎lska";35
" ";" ";" ";" ";"Vi뚉e뚎lska, visoko뚎lska";8
" ";" ";" ";"Tuji dr료vljani"
" ";" ";" ";" ";"Osnovno뚎lska ali manj";526
" ";" ";" ";" ";"Srednje뚎lska";1757
" ";" ";" ";" ";"Vi뚉e뚎lska, visoko뚎lska";35
" ";" ";"2013"
" ";" ";" ";"Dr료vljani RS"
" ";" ";" ";" ";"Osnovno뚎lska ali manj";22
" ";" ";" ";" ";"Srednje뚎lska";37
" ";" ";" ";" ";"Vi뚉e뚎lska, visoko뚎lska";6
" ";" ";" ";"Tuji dr료vljani"
" ";" ";" ";" ";"Osnovno뚎lska ali manj";533
" ";" ";" ";" ";"Srednje뚎lska";1493
" ";" ";" ";" ";"Vi뚉e뚎lska, visoko뚎lska";23
" ";" ";"2014"
" ";" ";" ";"Dr료vljani RS"
" ";" ";" ";" ";"Osnovno뚎lska ali manj";13
" ";" ";" ";" ";"Srednje뚎lska";56
" ";" ";" ";" ";"Vi뚉e뚎lska, visoko뚎lska";3
" ";" ";" ";"Tuji dr료vljani"
" ";" ";" ";" ";"Osnovno뚎lska ali manj";408
" ";" ";" ";" ";"Srednje뚎lska";1277
" ";" ";" ";" ";"Vi뚉e뚎lska, visoko뚎lska";30
" ";" ";"2015"
" ";" ";" ";"Dr료vljani RS"
" ";" ";" ";" ";"Osnovno뚎lska ali manj";18
" ";" ";" ";" ";"Srednje뚎lska";51
" ";" ";" ";" ";"Vi뚉e뚎lska, visoko뚎lska";11
" ";" ";" ";"Tuji dr료vljani"
" ";" ";" ";" ";"Osnovno뚎lska ali manj";560
" ";" ";" ";" ";"Srednje뚎lska";1916
" ";" ";" ";" ";"Vi뚉e뚎lska, visoko뚎lska";42
" ";" ";"2016"
" ";" ";" ";"Dr료vljani RS"
" ";" ";" ";" ";"Osnovno뚎lska ali manj";11
" ";" ";" ";" ";"Srednje뚎lska";43
" ";" ";" ";" ";"Vi뚉e뚎lska, visoko뚎lska";5
" ";" ";" ";"Tuji dr료vljani"
" ";" ";" ";" ";"Osnovno뚎lska ali manj";578
" ";" ";" ";" ";"Srednje뚎lska";2310
" ";" ";" ";" ";"Vi뚉e뚎lska, visoko뚎lska";43
" ";" ";"2017"
" ";" ";" ";"Dr료vljani RS"
" ";" ";" ";" ";"Osnovno뚎lska ali manj";21
" ";" ";" ";" ";"Srednje뚎lska";49
" ";" ";" ";" ";"Vi뚉e뚎lska, visoko뚎lska";8
" ";" ";" ";"Tuji dr료vljani"
" ";" ";" ";" ";"Osnovno뚎lska ali manj";605
" ";" ";" ";" ";"Srednje뚎lska";3354
" ";" ";" ";" ";"Vi뚉e뚎lska, visoko뚎lska";56
" ";"....rna gora"
" ";" ";"2011"
" ";" ";" ";"Dr료vljani RS"
" ";" ";" ";" ";"Osnovno뚎lska ali manj";2
" ";" ";" ";" ";"Srednje뚎lska";3
" ";" ";" ";" ";"Vi뚉e뚎lska, visoko뚎lska";2
" ";" ";" ";"Tuji dr료vljani"
" ";" ";" ";" ";"Osnovno뚎lska ali manj";13
" ";" ";" ";" ";"Srednje뚎lska";13
" ";" ";" ";" ";"Vi뚉e뚎lska, visoko뚎lska";4
" ";" ";"2012"
" ";" ";" ";"Dr료vljani RS"
" ";" ";" ";" ";"Osnovno뚎lska ali manj";1
" ";" ";" ";" ";"Srednje뚎lska";7
" ";" ";" ";" ";"Vi뚉e뚎lska, visoko뚎lska";0
" ";" ";" ";"Tuji dr료vljani"
" ";" ";" ";" ";"Osnovno뚎lska ali manj";10
" ";" ";" ";" ";"Srednje뚎lska";18
" ";" ";" ";" ";"Vi뚉e뚎lska, visoko뚎lska";4
" ";" ";"2013"
" ";" ";" ";"Dr료vljani RS"
" ";" ";" ";" ";"Osnovno뚎lska ali manj";0
" ";" ";" ";" ";"Srednje뚎lska";1
" ";" ";" ";" ";"Vi뚉e뚎lska, visoko뚎lska";1
" ";" ";" ";"Tuji dr료vljani"
" ";" ";" ";" ";"Osnovno뚎lska ali manj";9
" ";" ";" ";" ";"Srednje뚎lska";17
" ";" ";" ";" ";"Vi뚉e뚎lska, visoko뚎lska";1
" ";" ";"2014"
" ";" ";" ";"Dr료vljani RS"
" ";" ";" ";" ";"Osnovno뚎lska ali manj";3
" ";" ";" ";" ";"Srednje뚎lska";3
" ";" ";" ";" ";"Vi뚉e뚎lska, visoko뚎lska";2
" ";" ";" ";"Tuji dr료vljani"
" ";" ";" ";" ";"Osnovno뚎lska ali manj";15
" ";" ";" ";" ";"Srednje뚎lska";24
" ";" ";" ";" ";"Vi뚉e뚎lska, visoko뚎lska";8
" ";" ";"2015"
" ";" ";" ";"Dr료vljani RS"
" ";" ";" ";" ";"Osnovno뚎lska ali manj";3
" ";" ";" ";" ";"Srednje뚎lska";6
" ";" ";" ";" ";"Vi뚉e뚎lska, visoko뚎lska";4
" ";" ";" ";"Tuji dr료vljani"
" ";" ";" ";" ";"Osnovno뚎lska ali manj";12
" ";" ";" ";" ";"Srednje뚎lska";24
" ";" ";" ";" ";"Vi뚉e뚎lska, visoko뚎lska";9
" ";" ";"2016"
" ";" ";" ";"Dr료vljani RS"
" ";" ";" ";" ";"Osnovno뚎lska ali manj";0
" ";" ";" ";" ";"Srednje뚎lska";3
" ";" ";" ";" ";"Vi뚉e뚎lska, visoko뚎lska";0
" ";" ";" ";"Tuji dr료vljani"
" ";" ";" ";" ";"Osnovno뚎lska ali manj";8
" ";" ";" ";" ";"Srednje뚎lska";14
" ";" ";" ";" ";"Vi뚉e뚎lska, visoko뚎lska";5
" ";" ";"2017"
" ";" ";" ";"Dr료vljani RS"
" ";" ";" ";" ";"Osnovno뚎lska ali manj";1
" ";" ";" ";" ";"Srednje뚎lska";2
" ";" ";" ";" ";"Vi뚉e뚎lska, visoko뚎lska";1
" ";" ";" ";"Tuji dr료vljani"
" ";" ";" ";" ";"Osnovno뚎lska ali manj";7
" ";" ";" ";" ";"Srednje뚎lska";19
" ";" ";" ";" ";"Vi뚉e뚎lska, visoko뚎lska";6
" ";"....Kosovo"
" ";" ";"2011"
" ";" ";" ";"Dr료vljani RS"
" ";" ";" ";" ";"Osnovno뚎lska ali manj";0
" ";" ";" ";" ";"Srednje뚎lska";6
" ";" ";" ";" ";"Vi뚉e뚎lska, visoko뚎lska";3
" ";" ";" ";"Tuji dr료vljani"
" ";" ";" ";" ";"Osnovno뚎lska ali manj";334
" ";" ";" ";" ";"Srednje뚎lska";164
" ";" ";" ";" ";"Vi뚉e뚎lska, visoko뚎lska";4
" ";" ";"2012"
" ";" ";" ";"Dr료vljani RS"
" ";" ";" ";" ";"Osnovno뚎lska ali manj";4
" ";" ";" ";" ";"Srednje뚎lska";5
" ";" ";" ";" ";"Vi뚉e뚎lska, visoko뚎lska";4
" ";" ";" ";"Tuji dr료vljani"
" ";" ";" ";" ";"Osnovno뚎lska ali manj";310
" ";" ";" ";" ";"Srednje뚎lska";189
" ";" ";" ";" ";"Vi뚉e뚎lska, visoko뚎lska";4
" ";" ";"2013"
" ";" ";" ";"Dr료vljani RS"
" ";" ";" ";" ";"Osnovno뚎lska ali manj";4
" ";" ";" ";" ";"Srednje뚎lska";1
" ";" ";" ";" ";"Vi뚉e뚎lska, visoko뚎lska";2
" ";" ";" ";"Tuji dr료vljani"
" ";" ";" ";" ";"Osnovno뚎lska ali manj";295
" ";" ";" ";" ";"Srednje뚎lska";198
" ";" ";" ";" ";"Vi뚉e뚎lska, visoko뚎lska";3
" ";" ";"2014"
" ";" ";" ";"Dr료vljani RS"
" ";" ";" ";" ";"Osnovno뚎lska ali manj";5
" ";" ";" ";" ";"Srednje뚎lska";2
" ";" ";" ";" ";"Vi뚉e뚎lska, visoko뚎lska";2
" ";" ";" ";"Tuji dr료vljani"
" ";" ";" ";" ";"Osnovno뚎lska ali manj";291
" ";" ";" ";" ";"Srednje뚎lska";191
" ";" ";" ";" ";"Vi뚉e뚎lska, visoko뚎lska";8
" ";" ";"2015"
" ";" ";" ";"Dr료vljani RS"
" ";" ";" ";" ";"Osnovno뚎lska ali manj";8
" ";" ";" ";" ";"Srednje뚎lska";8
" ";" ";" ";" ";"Vi뚉e뚎lska, visoko뚎lska";5
" ";" ";" ";"Tuji dr료vljani"
" ";" ";" ";" ";"Osnovno뚎lska ali manj";245
" ";" ";" ";" ";"Srednje뚎lska";186
" ";" ";" ";" ";"Vi뚉e뚎lska, visoko뚎lska";4
" ";" ";"2016"
" ";" ";" ";"Dr료vljani RS"
" ";" ";" ";" ";"Osnovno뚎lska ali manj";2
" ";" ";" ";" ";"Srednje뚎lska";4
" ";" ";" ";" ";"Vi뚉e뚎lska, visoko뚎lska";5
" ";" ";" ";"Tuji dr료vljani"
" ";" ";" ";" ";"Osnovno뚎lska ali manj";265
" ";" ";" ";" ";"Srednje뚎lska";182
" ";" ";" ";" ";"Vi뚉e뚎lska, visoko뚎lska";6
" ";" ";"2017"
" ";" ";" ";"Dr료vljani RS"
" ";" ";" ";" ";"Osnovno뚎lska ali manj";6
" ";" ";" ";" ";"Srednje뚎lska";2
" ";" ";" ";" ";"Vi뚉e뚎lska, visoko뚎lska";3
" ";" ";" ";"Tuji dr료vljani"
" ";" ";" ";" ";"Osnovno뚎lska ali manj";319
" ";" ";" ";" ";"Srednje뚎lska";201
" ";" ";" ";" ";"Vi뚉e뚎lska, visoko뚎lska";8
" ";"....Makedonija"
" ";" ";"2011"
" ";" ";" ";"Dr료vljani RS"
" ";" ";" ";" ";"Osnovno뚎lska ali manj";10
" ";" ";" ";" ";"Srednje뚎lska";13
" ";" ";" ";" ";"Vi뚉e뚎lska, visoko뚎lska";7
" ";" ";" ";"Tuji dr료vljani"
" ";" ";" ";" ";"Osnovno뚎lska ali manj";246
" ";" ";" ";" ";"Srednje뚎lska";254
" ";" ";" ";" ";"Vi뚉e뚎lska, visoko뚎lska";20
" ";" ";"2012"
" ";" ";" ";"Dr료vljani RS"
" ";" ";" ";" ";"Osnovno뚎lska ali manj";6
" ";" ";" ";" ";"Srednje뚎lska";14
" ";" ";" ";" ";"Vi뚉e뚎lska, visoko뚎lska";7
" ";" ";" ";"Tuji dr료vljani"
" ";" ";" ";" ";"Osnovno뚎lska ali manj";229
" ";" ";" ";" ";"Srednje뚎lska";245
" ";" ";" ";" ";"Vi뚉e뚎lska, visoko뚎lska";41
" ";" ";"2013"
" ";" ";" ";"Dr료vljani RS"
" ";" ";" ";" ";"Osnovno뚎lska ali manj";5
" ";" ";" ";" ";"Srednje뚎lska";17
" ";" ";" ";" ";"Vi뚉e뚎lska, visoko뚎lska";3
" ";" ";" ";"Tuji dr료vljani"
" ";" ";" ";" ";"Osnovno뚎lska ali manj";144
" ";" ";" ";" ";"Srednje뚎lska";216
" ";" ";" ";" ";"Vi뚉e뚎lska, visoko뚎lska";28
" ";" ";"2014"
" ";" ";" ";"Dr료vljani RS"
" ";" ";" ";" ";"Osnovno뚎lska ali manj";2
" ";" ";" ";" ";"Srednje뚎lska";10
" ";" ";" ";" ";"Vi뚉e뚎lska, visoko뚎lska";6
" ";" ";" ";"Tuji dr료vljani"
" ";" ";" ";" ";"Osnovno뚎lska ali manj";144
" ";" ";" ";" ";"Srednje뚎lska";212
" ";" ";" ";" ";"Vi뚉e뚎lska, visoko뚎lska";32
" ";" ";"2015"
" ";" ";" ";"Dr료vljani RS"
" ";" ";" ";" ";"Osnovno뚎lska ali manj";7
" ";" ";" ";" ";"Srednje뚎lska";12
" ";" ";" ";" ";"Vi뚉e뚎lska, visoko뚎lska";2
" ";" ";" ";"Tuji dr료vljani"
" ";" ";" ";" ";"Osnovno뚎lska ali manj";106
" ";" ";" ";" ";"Srednje뚎lska";177
" ";" ";" ";" ";"Vi뚉e뚎lska, visoko뚎lska";28
" ";" ";"2016"
" ";" ";" ";"Dr료vljani RS"
" ";" ";" ";" ";"Osnovno뚎lska ali manj";3
" ";" ";" ";" ";"Srednje뚎lska";12
" ";" ";" ";" ";"Vi뚉e뚎lska, visoko뚎lska";5
" ";" ";" ";"Tuji dr료vljani"
" ";" ";" ";" ";"Osnovno뚎lska ali manj";138
" ";" ";" ";" ";"Srednje뚎lska";234
" ";" ";" ";" ";"Vi뚉e뚎lska, visoko뚎lska";32
" ";" ";"2017"
" ";" ";" ";"Dr료vljani RS"
" ";" ";" ";" ";"Osnovno뚎lska ali manj";3
" ";" ";" ";" ";"Srednje뚎lska";13
" ";" ";" ";" ";"Vi뚉e뚎lska, visoko뚎lska";4
" ";" ";" ";"Tuji dr료vljani"
" ";" ";" ";" ";"Osnovno뚎lska ali manj";165
" ";" ";" ";" ";"Srednje뚎lska";269
" ";" ";" ";" ";"Vi뚉e뚎lska, visoko뚎lska";52
" ";"....Srbija"
" ";" ";"2011"
" ";" ";" ";"Dr료vljani RS"
" ";" ";" ";" ";"Osnovno뚎lska ali manj";29
" ";" ";" ";" ";"Srednje뚎lska";43
" ";" ";" ";" ";"Vi뚉e뚎lska, visoko뚎lska";20
" ";" ";" ";"Tuji dr료vljani"
" ";" ";" ";" ";"Osnovno뚎lska ali manj";228
" ";" ";" ";" ";"Srednje뚎lska";566
" ";" ";" ";" ";"Vi뚉e뚎lska, visoko뚎lska";44
" ";" ";"2012"
" ";" ";" ";"Dr료vljani RS"
" ";" ";" ";" ";"Osnovno뚎lska ali manj";13
" ";" ";" ";" ";"Srednje뚎lska";57
" ";" ";" ";" ";"Vi뚉e뚎lska, visoko뚎lska";17
" ";" ";" ";"Tuji dr료vljani"
" ";" ";" ";" ";"Osnovno뚎lska ali manj";231
" ";" ";" ";" ";"Srednje뚎lska";636
" ";" ";" ";" ";"Vi뚉e뚎lska, visoko뚎lska";67
" ";" ";"2013"
" ";" ";" ";"Dr료vljani RS"
" ";" ";" ";" ";"Osnovno뚎lska ali manj";18
" ";" ";" ";" ";"Srednje뚎lska";34
" ";" ";" ";" ";"Vi뚉e뚎lska, visoko뚎lska";13
" ";" ";" ";"Tuji dr료vljani"
" ";" ";" ";" ";"Osnovno뚎lska ali manj";208
" ";" ";" ";" ";"Srednje뚎lska";501
" ";" ";" ";" ";"Vi뚉e뚎lska, visoko뚎lska";66
" ";" ";"2014"
" ";" ";" ";"Dr료vljani RS"
" ";" ";" ";" ";"Osnovno뚎lska ali manj";17
" ";" ";" ";" ";"Srednje뚎lska";40
" ";" ";" ";" ";"Vi뚉e뚎lska, visoko뚎lska";14
" ";" ";" ";"Tuji dr료vljani"
" ";" ";" ";" ";"Osnovno뚎lska ali manj";207
" ";" ";" ";" ";"Srednje뚎lska";505
" ";" ";" ";" ";"Vi뚉e뚎lska, visoko뚎lska";50
" ";" ";"2015"
" ";" ";" ";"Dr료vljani RS"
" ";" ";" ";" ";"Osnovno뚎lska ali manj";8
" ";" ";" ";" ";"Srednje뚎lska";39
" ";" ";" ";" ";"Vi뚉e뚎lska, visoko뚎lska";16
" ";" ";" ";"Tuji dr료vljani"
" ";" ";" ";" ";"Osnovno뚎lska ali manj";199
" ";" ";" ";" ";"Srednje뚎lska";625
" ";" ";" ";" ";"Vi뚉e뚎lska, visoko뚎lska";57
" ";" ";"2016"
" ";" ";" ";"Dr료vljani RS"
" ";" ";" ";" ";"Osnovno뚎lska ali manj";12
" ";" ";" ";" ";"Srednje뚎lska";45
" ";" ";" ";" ";"Vi뚉e뚎lska, visoko뚎lska";23
" ";" ";" ";"Tuji dr료vljani"
" ";" ";" ";" ";"Osnovno뚎lska ali manj";317
" ";" ";" ";" ";"Srednje뚎lska";922
" ";" ";" ";" ";"Vi뚉e뚎lska, visoko뚎lska";62
" ";" ";"2017"
" ";" ";" ";"Dr료vljani RS"
" ";" ";" ";" ";"Osnovno뚎lska ali manj";16
" ";" ";" ";" ";"Srednje뚎lska";51
" ";" ";" ";" ";"Vi뚉e뚎lska, visoko뚎lska";19
" ";" ";" ";"Tuji dr료vljani"
" ";" ";" ";" ";"Osnovno뚎lska ali manj";315
" ";" ";" ";" ";"Srednje뚎lska";1255
" ";" ";" ";" ";"Vi뚉e뚎lska, visoko뚎lska";76
" ";"....Avstrija"
" ";" ";"2011"
" ";" ";" ";"Dr료vljani RS"
" ";" ";" ";" ";"Osnovno뚎lska ali manj";31
" ";" ";" ";" ";"Srednje뚎lska";87
" ";" ";" ";" ";"Vi뚉e뚎lska, visoko뚎lska";23
" ";" ";" ";"Tuji dr료vljani"
" ";" ";" ";" ";"Osnovno뚎lska ali manj";23
" ";" ";" ";" ";"Srednje뚎lska";40
" ";" ";" ";" ";"Vi뚉e뚎lska, visoko뚎lska";6
" ";" ";"2012"
" ";" ";" ";"Dr료vljani RS"
" ";" ";" ";" ";"Osnovno뚎lska ali manj";23
" ";" ";" ";" ";"Srednje뚎lska";86
" ";" ";" ";" ";"Vi뚉e뚎lska, visoko뚎lska";20
" ";" ";" ";"Tuji dr료vljani"
" ";" ";" ";" ";"Osnovno뚎lska ali manj";26
" ";" ";" ";" ";"Srednje뚎lska";36
" ";" ";" ";" ";"Vi뚉e뚎lska, visoko뚎lska";12
" ";" ";"2013"
" ";" ";" ";"Dr료vljani RS"
" ";" ";" ";" ";"Osnovno뚎lska ali manj";37
" ";" ";" ";" ";"Srednje뚎lska";97
" ";" ";" ";" ";"Vi뚉e뚎lska, visoko뚎lska";22
" ";" ";" ";"Tuji dr료vljani"
" ";" ";" ";" ";"Osnovno뚎lska ali manj";7
" ";" ";" ";" ";"Srednje뚎lska";26
" ";" ";" ";" ";"Vi뚉e뚎lska, visoko뚎lska";9
" ";" ";"2014"
" ";" ";" ";"Dr료vljani RS"
" ";" ";" ";" ";"Osnovno뚎lska ali manj";42
" ";" ";" ";" ";"Srednje뚎lska";144
" ";" ";" ";" ";"Vi뚉e뚎lska, visoko뚎lska";27
" ";" ";" ";"Tuji dr료vljani"
" ";" ";" ";" ";"Osnovno뚎lska ali manj";10
" ";" ";" ";" ";"Srednje뚎lska";32
" ";" ";" ";" ";"Vi뚉e뚎lska, visoko뚎lska";6
" ";" ";"2015"
" ";" ";" ";"Dr료vljani RS"
" ";" ";" ";" ";"Osnovno뚎lska ali manj";51
" ";" ";" ";" ";"Srednje뚎lska";169
" ";" ";" ";" ";"Vi뚉e뚎lska, visoko뚎lska";47
" ";" ";" ";"Tuji dr료vljani"
" ";" ";" ";" ";"Osnovno뚎lska ali manj";9
" ";" ";" ";" ";"Srednje뚎lska";22
" ";" ";" ";" ";"Vi뚉e뚎lska, visoko뚎lska";6
" ";" ";"2016"
" ";" ";" ";"Dr료vljani RS"
" ";" ";" ";" ";"Osnovno뚎lska ali manj";51
" ";" ";" ";" ";"Srednje뚎lska";169
" ";" ";" ";" ";"Vi뚉e뚎lska, visoko뚎lska";47
" ";" ";" ";"Tuji dr료vljani"
" ";" ";" ";" ";"Osnovno뚎lska ali manj";27
" ";" ";" ";" ";"Srednje뚎lska";33
" ";" ";" ";" ";"Vi뚉e뚎lska, visoko뚎lska";11
" ";" ";"2017"
" ";" ";" ";"Dr료vljani RS"
" ";" ";" ";" ";"Osnovno뚎lska ali manj";59
" ";" ";" ";" ";"Srednje뚎lska";244
" ";" ";" ";" ";"Vi뚉e뚎lska, visoko뚎lska";69
" ";" ";" ";"Tuji dr료vljani"
" ";" ";" ";" ";"Osnovno뚎lska ali manj";11
" ";" ";" ";" ";"Srednje뚎lska";22
" ";" ";" ";" ";"Vi뚉e뚎lska, visoko뚎lska";10
" ";"....Belgija"
" ";" ";"2011"
" ";" ";" ";"Dr료vljani RS"
" ";" ";" ";" ";"Osnovno뚎lska ali manj";2
" ";" ";" ";" ";"Srednje뚎lska";17
" ";" ";" ";" ";"Vi뚉e뚎lska, visoko뚎lska";38
" ";" ";" ";"Tuji dr료vljani"
" ";" ";" ";" ";"Osnovno뚎lska ali manj";2
" ";" ";" ";" ";"Srednje뚎lska";7
" ";" ";" ";" ";"Vi뚉e뚎lska, visoko뚎lska";3
" ";" ";"2012"
" ";" ";" ";"Dr료vljani RS"
" ";" ";" ";" ";"Osnovno뚎lska ali manj";4
" ";" ";" ";" ";"Srednje뚎lska";8
" ";" ";" ";" ";"Vi뚉e뚎lska, visoko뚎lska";9
" ";" ";" ";"Tuji dr료vljani"
" ";" ";" ";" ";"Osnovno뚎lska ali manj";1
" ";" ";" ";" ";"Srednje뚎lska";2
" ";" ";" ";" ";"Vi뚉e뚎lska, visoko뚎lska";4
" ";" ";"2013"
" ";" ";" ";"Dr료vljani RS"
" ";" ";" ";" ";"Osnovno뚎lska ali manj";3
" ";" ";" ";" ";"Srednje뚎lska";14
" ";" ";" ";" ";"Vi뚉e뚎lska, visoko뚎lska";12
" ";" ";" ";"Tuji dr료vljani"
" ";" ";" ";" ";"Osnovno뚎lska ali manj";3
" ";" ";" ";" ";"Srednje뚎lska";3
" ";" ";" ";" ";"Vi뚉e뚎lska, visoko뚎lska";1
" ";" ";"2014"
" ";" ";" ";"Dr료vljani RS"
" ";" ";" ";" ";"Osnovno뚎lska ali manj";5
" ";" ";" ";" ";"Srednje뚎lska";6
" ";" ";" ";" ";"Vi뚉e뚎lska, visoko뚎lska";8
" ";" ";" ";"Tuji dr료vljani"
" ";" ";" ";" ";"Osnovno뚎lska ali manj";4
" ";" ";" ";" ";"Srednje뚎lska";4
" ";" ";" ";" ";"Vi뚉e뚎lska, visoko뚎lska";4
" ";" ";"2015"
" ";" ";" ";"Dr료vljani RS"
" ";" ";" ";" ";"Osnovno뚎lska ali manj";3
" ";" ";" ";" ";"Srednje뚎lska";13
" ";" ";" ";" ";"Vi뚉e뚎lska, visoko뚎lska";13
" ";" ";" ";"Tuji dr료vljani"
" ";" ";" ";" ";"Osnovno뚎lska ali manj";0
" ";" ";" ";" ";"Srednje뚎lska";1
" ";" ";" ";" ";"Vi뚉e뚎lska, visoko뚎lska";1
" ";" ";"2016"
" ";" ";" ";"Dr료vljani RS"
" ";" ";" ";" ";"Osnovno뚎lska ali manj";2
" ";" ";" ";" ";"Srednje뚎lska";11
" ";" ";" ";" ";"Vi뚉e뚎lska, visoko뚎lska";14
" ";" ";" ";"Tuji dr료vljani"
" ";" ";" ";" ";"Osnovno뚎lska ali manj";3
" ";" ";" ";" ";"Srednje뚎lska";5
" ";" ";" ";" ";"Vi뚉e뚎lska, visoko뚎lska";4
" ";" ";"2017"
" ";" ";" ";"Dr료vljani RS"
" ";" ";" ";" ";"Osnovno뚎lska ali manj";2
" ";" ";" ";" ";"Srednje뚎lska";11
" ";" ";" ";" ";"Vi뚉e뚎lska, visoko뚎lska";12
" ";" ";" ";"Tuji dr료vljani"
" ";" ";" ";" ";"Osnovno뚎lska ali manj";4
" ";" ";" ";" ";"Srednje뚎lska";8
" ";" ";" ";" ";"Vi뚉e뚎lska, visoko뚎lska";4
" ";"....Bolgarija"
" ";" ";"2011"
" ";" ";" ";"Dr료vljani RS"
" ";" ";" ";" ";"Osnovno뚎lska ali manj";1
" ";" ";" ";" ";"Srednje뚎lska";3
" ";" ";" ";" ";"Vi뚉e뚎lska, visoko뚎lska";1
" ";" ";" ";"Tuji dr료vljani"
" ";" ";" ";" ";"Osnovno뚎lska ali manj";233
" ";" ";" ";" ";"Srednje뚎lska";191
" ";" ";" ";" ";"Vi뚉e뚎lska, visoko뚎lska";14
" ";" ";"2012"
" ";" ";" ";"Dr료vljani RS"
" ";" ";" ";" ";"Osnovno뚎lska ali manj";1
" ";" ";" ";" ";"Srednje뚎lska";2
" ";" ";" ";" ";"Vi뚉e뚎lska, visoko뚎lska";1
" ";" ";" ";"Tuji dr료vljani"
" ";" ";" ";" ";"Osnovno뚎lska ali manj";208
" ";" ";" ";" ";"Srednje뚎lska";214
" ";" ";" ";" ";"Vi뚉e뚎lska, visoko뚎lska";15
" ";" ";"2013"
" ";" ";" ";"Dr료vljani RS"
" ";" ";" ";" ";"Osnovno뚎lska ali manj";1
" ";" ";" ";" ";"Srednje뚎lska";0
" ";" ";" ";" ";"Vi뚉e뚎lska, visoko뚎lska";0
" ";" ";" ";"Tuji dr료vljani"
" ";" ";" ";" ";"Osnovno뚎lska ali manj";180
" ";" ";" ";" ";"Srednje뚎lska";222
" ";" ";" ";" ";"Vi뚉e뚎lska, visoko뚎lska";13
" ";" ";"2014"
" ";" ";" ";"Dr료vljani RS"
" ";" ";" ";" ";"Osnovno뚎lska ali manj";1
" ";" ";" ";" ";"Srednje뚎lska";2
" ";" ";" ";" ";"Vi뚉e뚎lska, visoko뚎lska";0
" ";" ";" ";"Tuji dr료vljani"
" ";" ";" ";" ";"Osnovno뚎lska ali manj";241
" ";" ";" ";" ";"Srednje뚎lska";296
" ";" ";" ";" ";"Vi뚉e뚎lska, visoko뚎lska";18
" ";" ";"2015"
" ";" ";" ";"Dr료vljani RS"
" ";" ";" ";" ";"Osnovno뚎lska ali manj";0
" ";" ";" ";" ";"Srednje뚎lska";0
" ";" ";" ";" ";"Vi뚉e뚎lska, visoko뚎lska";0
" ";" ";" ";"Tuji dr료vljani"
" ";" ";" ";" ";"Osnovno뚎lska ali manj";192
" ";" ";" ";" ";"Srednje뚎lska";241
" ";" ";" ";" ";"Vi뚉e뚎lska, visoko뚎lska";13
" ";" ";"2016"
" ";" ";" ";"Dr료vljani RS"
" ";" ";" ";" ";"Osnovno뚎lska ali manj";0
" ";" ";" ";" ";"Srednje뚎lska";1
" ";" ";" ";" ";"Vi뚉e뚎lska, visoko뚎lska";0
" ";" ";" ";"Tuji dr료vljani"
" ";" ";" ";" ";"Osnovno뚎lska ali manj";235
" ";" ";" ";" ";"Srednje뚎lska";231
" ";" ";" ";" ";"Vi뚉e뚎lska, visoko뚎lska";20
" ";" ";"2017"
" ";" ";" ";"Dr료vljani RS"
" ";" ";" ";" ";"Osnovno뚎lska ali manj";0
" ";" ";" ";" ";"Srednje뚎lska";2
" ";" ";" ";" ";"Vi뚉e뚎lska, visoko뚎lska";0
" ";" ";" ";"Tuji dr료vljani"
" ";" ";" ";" ";"Osnovno뚎lska ali manj";245
" ";" ";" ";" ";"Srednje뚎lska";284
" ";" ";" ";" ";"Vi뚉e뚎lska, visoko뚎lska";14
" ";"....Hrva뚊a"
" ";" ";"2011"
" ";" ";" ";"Dr료vljani RS"
" ";" ";" ";" ";"Osnovno뚎lska ali manj";38
" ";" ";" ";" ";"Srednje뚎lska";93
" ";" ";" ";" ";"Vi뚉e뚎lska, visoko뚎lska";24
" ";" ";" ";"Tuji dr료vljani"
" ";" ";" ";" ";"Osnovno뚎lska ali manj";128
" ";" ";" ";" ";"Srednje뚎lska";364
" ";" ";" ";" ";"Vi뚉e뚎lska, visoko뚎lska";50
" ";" ";"2012"
" ";" ";" ";"Dr료vljani RS"
" ";" ";" ";" ";"Osnovno뚎lska ali manj";37
" ";" ";" ";" ";"Srednje뚎lska";98
" ";" ";" ";" ";"Vi뚉e뚎lska, visoko뚎lska";20
" ";" ";" ";"Tuji dr료vljani"
" ";" ";" ";" ";"Osnovno뚎lska ali manj";140
" ";" ";" ";" ";"Srednje뚎lska";523
" ";" ";" ";" ";"Vi뚉e뚎lska, visoko뚎lska";73
" ";" ";"2013"
" ";" ";" ";"Dr료vljani RS"
" ";" ";" ";" ";"Osnovno뚎lska ali manj";22
" ";" ";" ";" ";"Srednje뚎lska";73
" ";" ";" ";" ";"Vi뚉e뚎lska, visoko뚎lska";16
" ";" ";" ";"Tuji dr료vljani"
" ";" ";" ";" ";"Osnovno뚎lska ali manj";170
" ";" ";" ";" ";"Srednje뚎lska";589
" ";" ";" ";" ";"Vi뚉e뚎lska, visoko뚎lska";63
" ";" ";"2014"
" ";" ";" ";"Dr료vljani RS"
" ";" ";" ";" ";"Osnovno뚎lska ali manj";24
" ";" ";" ";" ";"Srednje뚎lska";82
" ";" ";" ";" ";"Vi뚉e뚎lska, visoko뚎lska";22
" ";" ";" ";"Tuji dr료vljani"
" ";" ";" ";" ";"Osnovno뚎lska ali manj";95
" ";" ";" ";" ";"Srednje뚎lska";474
" ";" ";" ";" ";"Vi뚉e뚎lska, visoko뚎lska";67
" ";" ";"2015"
" ";" ";" ";"Dr료vljani RS"
" ";" ";" ";" ";"Osnovno뚎lska ali manj";29
" ";" ";" ";" ";"Srednje뚎lska";93
" ";" ";" ";" ";"Vi뚉e뚎lska, visoko뚎lska";25
" ";" ";" ";"Tuji dr료vljani"
" ";" ";" ";" ";"Osnovno뚎lska ali manj";75
" ";" ";" ";" ";"Srednje뚎lska";369
" ";" ";" ";" ";"Vi뚉e뚎lska, visoko뚎lska";47
" ";" ";"2016"
" ";" ";" ";"Dr료vljani RS"
" ";" ";" ";" ";"Osnovno뚎lska ali manj";19
" ";" ";" ";" ";"Srednje뚎lska";69
" ";" ";" ";" ";"Vi뚉e뚎lska, visoko뚎lska";19
" ";" ";" ";"Tuji dr료vljani"
" ";" ";" ";" ";"Osnovno뚎lska ali manj";54
" ";" ";" ";" ";"Srednje뚎lska";496
" ";" ";" ";" ";"Vi뚉e뚎lska, visoko뚎lska";82
" ";" ";"2017"
" ";" ";" ";"Dr료vljani RS"
" ";" ";" ";" ";"Osnovno뚎lska ali manj";16
" ";" ";" ";" ";"Srednje뚎lska";66
" ";" ";" ";" ";"Vi뚉e뚎lska, visoko뚎lska";21
" ";" ";" ";"Tuji dr료vljani"
" ";" ";" ";" ";"Osnovno뚎lska ali manj";79
" ";" ";" ";" ";"Srednje뚎lska";423
" ";" ";" ";" ";"Vi뚉e뚎lska, visoko뚎lska";96
" ";"....Italija"
" ";" ";"2011"
" ";" ";" ";"Dr료vljani RS"
" ";" ";" ";" ";"Osnovno뚎lska ali manj";23
" ";" ";" ";" ";"Srednje뚎lska";49
" ";" ";" ";" ";"Vi뚉e뚎lska, visoko뚎lska";26
" ";" ";" ";"Tuji dr료vljani"
" ";" ";" ";" ";"Osnovno뚎lska ali manj";56
" ";" ";" ";" ";"Srednje뚎lska";102
" ";" ";" ";" ";"Vi뚉e뚎lska, visoko뚎lska";26
" ";" ";"2012"
" ";" ";" ";"Dr료vljani RS"
" ";" ";" ";" ";"Osnovno뚎lska ali manj";21
" ";" ";" ";" ";"Srednje뚎lska";62
" ";" ";" ";" ";"Vi뚉e뚎lska, visoko뚎lska";13
" ";" ";" ";"Tuji dr료vljani"
" ";" ";" ";" ";"Osnovno뚎lska ali manj";67
" ";" ";" ";" ";"Srednje뚎lska";170
" ";" ";" ";" ";"Vi뚉e뚎lska, visoko뚎lska";34
" ";" ";"2013"
" ";" ";" ";"Dr료vljani RS"
" ";" ";" ";" ";"Osnovno뚎lska ali manj";11
" ";" ";" ";" ";"Srednje뚎lska";55
" ";" ";" ";" ";"Vi뚉e뚎lska, visoko뚎lska";20
" ";" ";" ";"Tuji dr료vljani"
" ";" ";" ";" ";"Osnovno뚎lska ali manj";78
" ";" ";" ";" ";"Srednje뚎lska";166
" ";" ";" ";" ";"Vi뚉e뚎lska, visoko뚎lska";28
" ";" ";"2014"
" ";" ";" ";"Dr료vljani RS"
" ";" ";" ";" ";"Osnovno뚎lska ali manj";30
" ";" ";" ";" ";"Srednje뚎lska";54
" ";" ";" ";" ";"Vi뚉e뚎lska, visoko뚎lska";19
" ";" ";" ";"Tuji dr료vljani"
" ";" ";" ";" ";"Osnovno뚎lska ali manj";61
" ";" ";" ";" ";"Srednje뚎lska";191
" ";" ";" ";" ";"Vi뚉e뚎lska, visoko뚎lska";47
" ";" ";"2015"
" ";" ";" ";"Dr료vljani RS"
" ";" ";" ";" ";"Osnovno뚎lska ali manj";13
" ";" ";" ";" ";"Srednje뚎lska";50
" ";" ";" ";" ";"Vi뚉e뚎lska, visoko뚎lska";25
" ";" ";" ";"Tuji dr료vljani"
" ";" ";" ";" ";"Osnovno뚎lska ali manj";61
" ";" ";" ";" ";"Srednje뚎lska";246
" ";" ";" ";" ";"Vi뚉e뚎lska, visoko뚎lska";60
" ";" ";"2016"
" ";" ";" ";"Dr료vljani RS"
" ";" ";" ";" ";"Osnovno뚎lska ali manj";10
" ";" ";" ";" ";"Srednje뚎lska";60
" ";" ";" ";" ";"Vi뚉e뚎lska, visoko뚎lska";25
" ";" ";" ";"Tuji dr료vljani"
" ";" ";" ";" ";"Osnovno뚎lska ali manj";66
" ";" ";" ";" ";"Srednje뚎lska";244
" ";" ";" ";" ";"Vi뚉e뚎lska, visoko뚎lska";69
" ";" ";"2017"
" ";" ";" ";"Dr료vljani RS"
" ";" ";" ";" ";"Osnovno뚎lska ali manj";8
" ";" ";" ";" ";"Srednje뚎lska";64
" ";" ";" ";" ";"Vi뚉e뚎lska, visoko뚎lska";21
" ";" ";" ";"Tuji dr료vljani"
" ";" ";" ";" ";"Osnovno뚎lska ali manj";59
" ";" ";" ";" ";"Srednje뚎lska";225
" ";" ";" ";" ";"Vi뚉e뚎lska, visoko뚎lska";65
" ";"....Nem粕ja"
" ";" ";"2011"
" ";" ";" ";"Dr료vljani RS"
" ";" ";" ";" ";"Osnovno뚎lska ali manj";73
" ";" ";" ";" ";"Srednje뚎lska";164
" ";" ";" ";" ";"Vi뚉e뚎lska, visoko뚎lska";56
" ";" ";" ";"Tuji dr료vljani"
" ";" ";" ";" ";"Osnovno뚎lska ali manj";38
" ";" ";" ";" ";"Srednje뚎lska";44
" ";" ";" ";" ";"Vi뚉e뚎lska, visoko뚎lska";21
" ";" ";"2012"
" ";" ";" ";"Dr료vljani RS"
" ";" ";" ";" ";"Osnovno뚎lska ali manj";68
" ";" ";" ";" ";"Srednje뚎lska";185
" ";" ";" ";" ";"Vi뚉e뚎lska, visoko뚎lska";49
" ";" ";" ";"Tuji dr료vljani"
" ";" ";" ";" ";"Osnovno뚎lska ali manj";40
" ";" ";" ";" ";"Srednje뚎lska";64
" ";" ";" ";" ";"Vi뚉e뚎lska, visoko뚎lska";21
" ";" ";"2013"
" ";" ";" ";"Dr료vljani RS"
" ";" ";" ";" ";"Osnovno뚎lska ali manj";58
" ";" ";" ";" ";"Srednje뚎lska";162
" ";" ";" ";" ";"Vi뚉e뚎lska, visoko뚎lska";32
" ";" ";" ";"Tuji dr료vljani"
" ";" ";" ";" ";"Osnovno뚎lska ali manj";19
" ";" ";" ";" ";"Srednje뚎lska";59
" ";" ";" ";" ";"Vi뚉e뚎lska, visoko뚎lska";10
" ";" ";"2014"
" ";" ";" ";"Dr료vljani RS"
" ";" ";" ";" ";"Osnovno뚎lska ali manj";50
" ";" ";" ";" ";"Srednje뚎lska";139
" ";" ";" ";" ";"Vi뚉e뚎lska, visoko뚎lska";35
" ";" ";" ";"Tuji dr료vljani"
" ";" ";" ";" ";"Osnovno뚎lska ali manj";23
" ";" ";" ";" ";"Srednje뚎lska";46
" ";" ";" ";" ";"Vi뚉e뚎lska, visoko뚎lska";13
" ";" ";"2015"
" ";" ";" ";"Dr료vljani RS"
" ";" ";" ";" ";"Osnovno뚎lska ali manj";45
" ";" ";" ";" ";"Srednje뚎lska";162
" ";" ";" ";" ";"Vi뚉e뚎lska, visoko뚎lska";45
" ";" ";" ";"Tuji dr료vljani"
" ";" ";" ";" ";"Osnovno뚎lska ali manj";23
" ";" ";" ";" ";"Srednje뚎lska";33
" ";" ";" ";" ";"Vi뚉e뚎lska, visoko뚎lska";8
" ";" ";"2016"
" ";" ";" ";"Dr료vljani RS"
" ";" ";" ";" ";"Osnovno뚎lska ali manj";60
" ";" ";" ";" ";"Srednje뚎lska";188
" ";" ";" ";" ";"Vi뚉e뚎lska, visoko뚎lska";51
" ";" ";" ";"Tuji dr료vljani"
" ";" ";" ";" ";"Osnovno뚎lska ali manj";32
" ";" ";" ";" ";"Srednje뚎lska";51
" ";" ";" ";" ";"Vi뚉e뚎lska, visoko뚎lska";16
" ";" ";"2017"
" ";" ";" ";"Dr료vljani RS"
" ";" ";" ";" ";"Osnovno뚎lska ali manj";84
" ";" ";" ";" ";"Srednje뚎lska";219
" ";" ";" ";" ";"Vi뚉e뚎lska, visoko뚎lska";84
" ";" ";" ";"Tuji dr료vljani"
" ";" ";" ";" ";"Osnovno뚎lska ali manj";21
" ";" ";" ";" ";"Srednje뚎lska";49
" ";" ";" ";" ";"Vi뚉e뚎lska, visoko뚎lska";11
" ";"....Slova뚊a"
" ";" ";"2011"
" ";" ";" ";"Dr료vljani RS"
" ";" ";" ";" ";"Osnovno뚎lska ali manj";0
" ";" ";" ";" ";"Srednje뚎lska";2
" ";" ";" ";" ";"Vi뚉e뚎lska, visoko뚎lska";7
" ";" ";" ";"Tuji dr료vljani"
" ";" ";" ";" ";"Osnovno뚎lska ali manj";30
" ";" ";" ";" ";"Srednje뚎lska";36
" ";" ";" ";" ";"Vi뚉e뚎lska, visoko뚎lska";1
" ";" ";"2012"
" ";" ";" ";"Dr료vljani RS"
" ";" ";" ";" ";"Osnovno뚎lska ali manj";2
" ";" ";" ";" ";"Srednje뚎lska";2
" ";" ";" ";" ";"Vi뚉e뚎lska, visoko뚎lska";1
" ";" ";" ";"Tuji dr료vljani"
" ";" ";" ";" ";"Osnovno뚎lska ali manj";23
" ";" ";" ";" ";"Srednje뚎lska";29
" ";" ";" ";" ";"Vi뚉e뚎lska, visoko뚎lska";5
" ";" ";"2013"
" ";" ";" ";"Dr료vljani RS"
" ";" ";" ";" ";"Osnovno뚎lska ali manj";1
" ";" ";" ";" ";"Srednje뚎lska";0
" ";" ";" ";" ";"Vi뚉e뚎lska, visoko뚎lska";0
" ";" ";" ";"Tuji dr료vljani"
" ";" ";" ";" ";"Osnovno뚎lska ali manj";25
" ";" ";" ";" ";"Srednje뚎lska";41
" ";" ";" ";" ";"Vi뚉e뚎lska, visoko뚎lska";4
" ";" ";"2014"
" ";" ";" ";"Dr료vljani RS"
" ";" ";" ";" ";"Osnovno뚎lska ali manj";0
" ";" ";" ";" ";"Srednje뚎lska";3
" ";" ";" ";" ";"Vi뚉e뚎lska, visoko뚎lska";0
" ";" ";" ";"Tuji dr료vljani"
" ";" ";" ";" ";"Osnovno뚎lska ali manj";21
" ";" ";" ";" ";"Srednje뚎lska";39
" ";" ";" ";" ";"Vi뚉e뚎lska, visoko뚎lska";1
" ";" ";"2015"
" ";" ";" ";"Dr료vljani RS"
" ";" ";" ";" ";"Osnovno뚎lska ali manj";0
" ";" ";" ";" ";"Srednje뚎lska";1
" ";" ";" ";" ";"Vi뚉e뚎lska, visoko뚎lska";1
" ";" ";" ";"Tuji dr료vljani"
" ";" ";" ";" ";"Osnovno뚎lska ali manj";11
" ";" ";" ";" ";"Srednje뚎lska";19
" ";" ";" ";" ";"Vi뚉e뚎lska, visoko뚎lska";5
" ";" ";"2016"
" ";" ";" ";"Dr료vljani RS"
" ";" ";" ";" ";"Osnovno뚎lska ali manj";0
" ";" ";" ";" ";"Srednje뚎lska";1
" ";" ";" ";" ";"Vi뚉e뚎lska, visoko뚎lska";2
" ";" ";" ";"Tuji dr료vljani"
" ";" ";" ";" ";"Osnovno뚎lska ali manj";13
" ";" ";" ";" ";"Srednje뚎lska";22
" ";" ";" ";" ";"Vi뚉e뚎lska, visoko뚎lska";2
" ";" ";"2017"
" ";" ";" ";"Dr료vljani RS"
" ";" ";" ";" ";"Osnovno뚎lska ali manj";0
" ";" ";" ";" ";"Srednje뚎lska";1
" ";" ";" ";" ";"Vi뚉e뚎lska, visoko뚎lska";0
" ";" ";" ";"Tuji dr료vljani"
" ";" ";" ";" ";"Osnovno뚎lska ali manj";6
" ";" ";" ";" ";"Srednje뚎lska";13
" ";" ";" ";" ";"Vi뚉e뚎lska, visoko뚎lska";7
" ";"....Zdru룐no kraljestvo"
" ";" ";"2011"
" ";" ";" ";"Dr료vljani RS"
" ";" ";" ";" ";"Osnovno뚎lska ali manj";5
" ";" ";" ";" ";"Srednje뚎lska";24
" ";" ";" ";" ";"Vi뚉e뚎lska, visoko뚎lska";13
" ";" ";" ";"Tuji dr료vljani"
" ";" ";" ";" ";"Osnovno뚎lska ali manj";10
" ";" ";" ";" ";"Srednje뚎lska";19
" ";" ";" ";" ";"Vi뚉e뚎lska, visoko뚎lska";9
" ";" ";"2012"
" ";" ";" ";"Dr료vljani RS"
" ";" ";" ";" ";"Osnovno뚎lska ali manj";7
" ";" ";" ";" ";"Srednje뚎lska";5
" ";" ";" ";" ";"Vi뚉e뚎lska, visoko뚎lska";8
" ";" ";" ";"Tuji dr료vljani"
" ";" ";" ";" ";"Osnovno뚎lska ali manj";15
" ";" ";" ";" ";"Srednje뚎lska";28
" ";" ";" ";" ";"Vi뚉e뚎lska, visoko뚎lska";21
" ";" ";"2013"
" ";" ";" ";"Dr료vljani RS"
" ";" ";" ";" ";"Osnovno뚎lska ali manj";6
" ";" ";" ";" ";"Srednje뚎lska";11
" ";" ";" ";" ";"Vi뚉e뚎lska, visoko뚎lska";11
" ";" ";" ";"Tuji dr료vljani"
" ";" ";" ";" ";"Osnovno뚎lska ali manj";11
" ";" ";" ";" ";"Srednje뚎lska";15
" ";" ";" ";" ";"Vi뚉e뚎lska, visoko뚎lska";15
" ";" ";"2014"
" ";" ";" ";"Dr료vljani RS"
" ";" ";" ";" ";"Osnovno뚎lska ali manj";1
" ";" ";" ";" ";"Srednje뚎lska";21
" ";" ";" ";" ";"Vi뚉e뚎lska, visoko뚎lska";9
" ";" ";" ";"Tuji dr료vljani"
" ";" ";" ";" ";"Osnovno뚎lska ali manj";16
" ";" ";" ";" ";"Srednje뚎lska";17
" ";" ";" ";" ";"Vi뚉e뚎lska, visoko뚎lska";11
" ";" ";"2015"
" ";" ";" ";"Dr료vljani RS"
" ";" ";" ";" ";"Osnovno뚎lska ali manj";7
" ";" ";" ";" ";"Srednje뚎lska";23
" ";" ";" ";" ";"Vi뚉e뚎lska, visoko뚎lska";10
" ";" ";" ";"Tuji dr료vljani"
" ";" ";" ";" ";"Osnovno뚎lska ali manj";7
" ";" ";" ";" ";"Srednje뚎lska";27
" ";" ";" ";" ";"Vi뚉e뚎lska, visoko뚎lska";11
" ";" ";"2016"
" ";" ";" ";"Dr료vljani RS"
" ";" ";" ";" ";"Osnovno뚎lska ali manj";4
" ";" ";" ";" ";"Srednje뚎lska";28
" ";" ";" ";" ";"Vi뚉e뚎lska, visoko뚎lska";27
" ";" ";" ";"Tuji dr료vljani"
" ";" ";" ";" ";"Osnovno뚎lska ali manj";7
" ";" ";" ";" ";"Srednje뚎lska";27
" ";" ";" ";" ";"Vi뚉e뚎lska, visoko뚎lska";12
" ";" ";"2017"
" ";" ";" ";"Dr료vljani RS"
" ";" ";" ";" ";"Osnovno뚎lska ali manj";3
" ";" ";" ";" ";"Srednje뚎lska";24
" ";" ";" ";" ";"Vi뚉e뚎lska, visoko뚎lska";50
" ";" ";" ";"Tuji dr료vljani"
" ";" ";" ";" ";"Osnovno뚎lska ali manj";8
" ";" ";" ";" ";"Srednje뚎lska";22
" ";" ";" ";" ";"Vi뚉e뚎lska, visoko뚎lska";25
" ";"....Ruska federacija"
" ";" ";"2011"
" ";" ";" ";"Dr료vljani RS"
" ";" ";" ";" ";"Osnovno뚎lska ali manj";0
" ";" ";" ";" ";"Srednje뚎lska";5
" ";" ";" ";" ";"Vi뚉e뚎lska, visoko뚎lska";9
" ";" ";" ";"Tuji dr료vljani"
" ";" ";" ";" ";"Osnovno뚎lska ali manj";9
" ";" ";" ";" ";"Srednje뚎lska";4
" ";" ";" ";" ";"Vi뚉e뚎lska, visoko뚎lska";36
" ";" ";"2012"
" ";" ";" ";"Dr료vljani RS"
" ";" ";" ";" ";"Osnovno뚎lska ali manj";1
" ";" ";" ";" ";"Srednje뚎lska";3
" ";" ";" ";" ";"Vi뚉e뚎lska, visoko뚎lska";7
" ";" ";" ";"Tuji dr료vljani"
" ";" ";" ";" ";"Osnovno뚎lska ali manj";26
" ";" ";" ";" ";"Srednje뚎lska";14
" ";" ";" ";" ";"Vi뚉e뚎lska, visoko뚎lska";49
" ";" ";"2013"
" ";" ";" ";"Dr료vljani RS"
" ";" ";" ";" ";"Osnovno뚎lska ali manj";0
" ";" ";" ";" ";"Srednje뚎lska";2
" ";" ";" ";" ";"Vi뚉e뚎lska, visoko뚎lska";3
" ";" ";" ";"Tuji dr료vljani"
" ";" ";" ";" ";"Osnovno뚎lska ali manj";41
" ";" ";" ";" ";"Srednje뚎lska";20
" ";" ";" ";" ";"Vi뚉e뚎lska, visoko뚎lska";72
" ";" ";"2014"
" ";" ";" ";"Dr료vljani RS"
" ";" ";" ";" ";"Osnovno뚎lska ali manj";0
" ";" ";" ";" ";"Srednje뚎lska";2
" ";" ";" ";" ";"Vi뚉e뚎lska, visoko뚎lska";3
" ";" ";" ";"Tuji dr료vljani"
" ";" ";" ";" ";"Osnovno뚎lska ali manj";67
" ";" ";" ";" ";"Srednje뚎lska";26
" ";" ";" ";" ";"Vi뚉e뚎lska, visoko뚎lska";102
" ";" ";"2015"
" ";" ";" ";"Dr료vljani RS"
" ";" ";" ";" ";"Osnovno뚎lska ali manj";4
" ";" ";" ";" ";"Srednje뚎lska";3
" ";" ";" ";" ";"Vi뚉e뚎lska, visoko뚎lska";6
" ";" ";" ";"Tuji dr료vljani"
" ";" ";" ";" ";"Osnovno뚎lska ali manj";49
" ";" ";" ";" ";"Srednje뚎lska";44
" ";" ";" ";" ";"Vi뚉e뚎lska, visoko뚎lska";142
" ";" ";"2016"
" ";" ";" ";"Dr료vljani RS"
" ";" ";" ";" ";"Osnovno뚎lska ali manj";0
" ";" ";" ";" ";"Srednje뚎lska";1
" ";" ";" ";" ";"Vi뚉e뚎lska, visoko뚎lska";5
" ";" ";" ";"Tuji dr료vljani"
" ";" ";" ";" ";"Osnovno뚎lska ali manj";42
" ";" ";" ";" ";"Srednje뚎lska";30
" ";" ";" ";" ";"Vi뚉e뚎lska, visoko뚎lska";156
" ";" ";"2017"
" ";" ";" ";"Dr료vljani RS"
" ";" ";" ";" ";"Osnovno뚎lska ali manj";0
" ";" ";" ";" ";"Srednje뚎lska";3
" ";" ";" ";" ";"Vi뚉e뚎lska, visoko뚎lska";11
" ";" ";" ";"Tuji dr료vljani"
" ";" ";" ";" ";"Osnovno뚎lska ali manj";37
" ";" ";" ";" ";"Srednje뚎lska";30
" ";" ";" ";" ";"Vi뚉e뚎lska, visoko뚎lska";103
" ";"....굤ica"
" ";" ";"2011"
" ";" ";" ";"Dr료vljani RS"
" ";" ";" ";" ";"Osnovno뚎lska ali manj";15
" ";" ";" ";" ";"Srednje뚎lska";31
" ";" ";" ";" ";"Vi뚉e뚎lska, visoko뚎lska";19
" ";" ";" ";"Tuji dr료vljani"
" ";" ";" ";" ";"Osnovno뚎lska ali manj";3
" ";" ";" ";" ";"Srednje뚎lska";4
" ";" ";" ";" ";"Vi뚉e뚎lska, visoko뚎lska";1
" ";" ";"2012"
" ";" ";" ";"Dr료vljani RS"
" ";" ";" ";" ";"Osnovno뚎lska ali manj";8
" ";" ";" ";" ";"Srednje뚎lska";26
" ";" ";" ";" ";"Vi뚉e뚎lska, visoko뚎lska";10
" ";" ";" ";"Tuji dr료vljani"
" ";" ";" ";" ";"Osnovno뚎lska ali manj";5
" ";" ";" ";" ";"Srednje뚎lska";4
" ";" ";" ";" ";"Vi뚉e뚎lska, visoko뚎lska";2
" ";" ";"2013"
" ";" ";" ";"Dr료vljani RS"
" ";" ";" ";" ";"Osnovno뚎lska ali manj";8
" ";" ";" ";" ";"Srednje뚎lska";28
" ";" ";" ";" ";"Vi뚉e뚎lska, visoko뚎lska";7
" ";" ";" ";"Tuji dr료vljani"
" ";" ";" ";" ";"Osnovno뚎lska ali manj";2
" ";" ";" ";" ";"Srednje뚎lska";3
" ";" ";" ";" ";"Vi뚉e뚎lska, visoko뚎lska";0
" ";" ";"2014"
" ";" ";" ";"Dr료vljani RS"
" ";" ";" ";" ";"Osnovno뚎lska ali manj";16
" ";" ";" ";" ";"Srednje뚎lska";33
" ";" ";" ";" ";"Vi뚉e뚎lska, visoko뚎lska";7
" ";" ";" ";"Tuji dr료vljani"
" ";" ";" ";" ";"Osnovno뚎lska ali manj";5
" ";" ";" ";" ";"Srednje뚎lska";10
" ";" ";" ";" ";"Vi뚉e뚎lska, visoko뚎lska";2
" ";" ";"2015"
" ";" ";" ";"Dr료vljani RS"
" ";" ";" ";" ";"Osnovno뚎lska ali manj";7
" ";" ";" ";" ";"Srednje뚎lska";48
" ";" ";" ";" ";"Vi뚉e뚎lska, visoko뚎lska";15
" ";" ";" ";"Tuji dr료vljani"
" ";" ";" ";" ";"Osnovno뚎lska ali manj";2
" ";" ";" ";" ";"Srednje뚎lska";5
" ";" ";" ";" ";"Vi뚉e뚎lska, visoko뚎lska";2
" ";" ";"2016"
" ";" ";" ";"Dr료vljani RS"
" ";" ";" ";" ";"Osnovno뚎lska ali manj";18
" ";" ";" ";" ";"Srednje뚎lska";43
" ";" ";" ";" ";"Vi뚉e뚎lska, visoko뚎lska";13
" ";" ";" ";"Tuji dr료vljani"
" ";" ";" ";" ";"Osnovno뚎lska ali manj";1
" ";" ";" ";" ";"Srednje뚎lska";8
" ";" ";" ";" ";"Vi뚉e뚎lska, visoko뚎lska";3
" ";" ";"2017"
" ";" ";" ";"Dr료vljani RS"
" ";" ";" ";" ";"Osnovno뚎lska ali manj";21
" ";" ";" ";" ";"Srednje뚎lska";64
" ";" ";" ";" ";"Vi뚉e뚎lska, visoko뚎lska";27
" ";" ";" ";"Tuji dr료vljani"
" ";" ";" ";" ";"Osnovno뚎lska ali manj";5
" ";" ";" ";" ";"Srednje뚎lska";8
" ";" ";" ";" ";"Vi뚉e뚎lska, visoko뚎lska";4
" ";"....Ukrajina"
" ";" ";"2011"
" ";" ";" ";"Dr료vljani RS"
" ";" ";" ";" ";"Osnovno뚎lska ali manj";0
" ";" ";" ";" ";"Srednje뚎lska";4
" ";" ";" ";" ";"Vi뚉e뚎lska, visoko뚎lska";2
" ";" ";" ";"Tuji dr료vljani"
" ";" ";" ";" ";"Osnovno뚎lska ali manj";6
" ";" ";" ";" ";"Srednje뚎lska";22
" ";" ";" ";" ";"Vi뚉e뚎lska, visoko뚎lska";12
" ";" ";"2012"
" ";" ";" ";"Dr료vljani RS"
" ";" ";" ";" ";"Osnovno뚎lska ali manj";2
" ";" ";" ";" ";"Srednje뚎lska";5
" ";" ";" ";" ";"Vi뚉e뚎lska, visoko뚎lska";1
" ";" ";" ";"Tuji dr료vljani"
" ";" ";" ";" ";"Osnovno뚎lska ali manj";21
" ";" ";" ";" ";"Srednje뚎lska";37
" ";" ";" ";" ";"Vi뚉e뚎lska, visoko뚎lska";19
" ";" ";"2013"
" ";" ";" ";"Dr료vljani RS"
" ";" ";" ";" ";"Osnovno뚎lska ali manj";1
" ";" ";" ";" ";"Srednje뚎lska";3
" ";" ";" ";" ";"Vi뚉e뚎lska, visoko뚎lska";2
" ";" ";" ";"Tuji dr료vljani"
" ";" ";" ";" ";"Osnovno뚎lska ali manj";15
" ";" ";" ";" ";"Srednje뚎lska";25
" ";" ";" ";" ";"Vi뚉e뚎lska, visoko뚎lska";16
" ";" ";"2014"
" ";" ";" ";"Dr료vljani RS"
" ";" ";" ";" ";"Osnovno뚎lska ali manj";0
" ";" ";" ";" ";"Srednje뚎lska";4
" ";" ";" ";" ";"Vi뚉e뚎lska, visoko뚎lska";1
" ";" ";" ";"Tuji dr료vljani"
" ";" ";" ";" ";"Osnovno뚎lska ali manj";26
" ";" ";" ";" ";"Srednje뚎lska";25
" ";" ";" ";" ";"Vi뚉e뚎lska, visoko뚎lska";19
" ";" ";"2015"
" ";" ";" ";"Dr료vljani RS"
" ";" ";" ";" ";"Osnovno뚎lska ali manj";1
" ";" ";" ";" ";"Srednje뚎lska";1
" ";" ";" ";" ";"Vi뚉e뚎lska, visoko뚎lska";1
" ";" ";" ";"Tuji dr료vljani"
" ";" ";" ";" ";"Osnovno뚎lska ali manj";19
" ";" ";" ";" ";"Srednje뚎lska";22
" ";" ";" ";" ";"Vi뚉e뚎lska, visoko뚎lska";52
" ";" ";"2016"
" ";" ";" ";"Dr료vljani RS"
" ";" ";" ";" ";"Osnovno뚎lska ali manj";1
" ";" ";" ";" ";"Srednje뚎lska";1
" ";" ";" ";" ";"Vi뚉e뚎lska, visoko뚎lska";1
" ";" ";" ";"Tuji dr료vljani"
" ";" ";" ";" ";"Osnovno뚎lska ali manj";15
" ";" ";" ";" ";"Srednje뚎lska";41
" ";" ";" ";" ";"Vi뚉e뚎lska, visoko뚎lska";69
" ";" ";"2017"
" ";" ";" ";"Dr료vljani RS"
" ";" ";" ";" ";"Osnovno뚎lska ali manj";0
" ";" ";" ";" ";"Srednje뚎lska";0
" ";" ";" ";" ";"Vi뚉e뚎lska, visoko뚎lska";0
" ";" ";" ";"Tuji dr료vljani"
" ";" ";" ";" ";"Osnovno뚎lska ali manj";12
" ";" ";" ";" ";"Srednje뚎lska";32
" ";" ";" ";" ";"Vi뚉e뚎lska, visoko뚎lska";42
" ";"AFRIKA"
" ";" ";"2011"
" ";" ";" ";"Dr료vljani RS"
" ";" ";" ";" ";"Osnovno뚎lska ali manj";1
" ";" ";" ";" ";"Srednje뚎lska";9
" ";" ";" ";" ";"Vi뚉e뚎lska, visoko뚎lska";6
" ";" ";" ";"Tuji dr료vljani"
" ";" ";" ";" ";"Osnovno뚎lska ali manj";21
" ";" ";" ";" ";"Srednje뚎lska";28
" ";" ";" ";" ";"Vi뚉e뚎lska, visoko뚎lska";3
" ";" ";"2012"
" ";" ";" ";"Dr료vljani RS"
" ";" ";" ";" ";"Osnovno뚎lska ali manj";1
" ";" ";" ";" ";"Srednje뚎lska";2
" ";" ";" ";" ";"Vi뚉e뚎lska, visoko뚎lska";2
" ";" ";" ";"Tuji dr료vljani"
" ";" ";" ";" ";"Osnovno뚎lska ali manj";20
" ";" ";" ";" ";"Srednje뚎lska";25
" ";" ";" ";" ";"Vi뚉e뚎lska, visoko뚎lska";7
" ";" ";"2013"
" ";" ";" ";"Dr료vljani RS"
" ";" ";" ";" ";"Osnovno뚎lska ali manj";0
" ";" ";" ";" ";"Srednje뚎lska";4
" ";" ";" ";" ";"Vi뚉e뚎lska, visoko뚎lska";0
" ";" ";" ";"Tuji dr료vljani"
" ";" ";" ";" ";"Osnovno뚎lska ali manj";16
" ";" ";" ";" ";"Srednje뚎lska";20
" ";" ";" ";" ";"Vi뚉e뚎lska, visoko뚎lska";12
" ";" ";"2014"
" ";" ";" ";"Dr료vljani RS"
" ";" ";" ";" ";"Osnovno뚎lska ali manj";0
" ";" ";" ";" ";"Srednje뚎lska";2
" ";" ";" ";" ";"Vi뚉e뚎lska, visoko뚎lska";2
" ";" ";" ";"Tuji dr료vljani"
" ";" ";" ";" ";"Osnovno뚎lska ali manj";19
" ";" ";" ";" ";"Srednje뚎lska";27
" ";" ";" ";" ";"Vi뚉e뚎lska, visoko뚎lska";7
" ";" ";"2015"
" ";" ";" ";"Dr료vljani RS"
" ";" ";" ";" ";"Osnovno뚎lska ali manj";2
" ";" ";" ";" ";"Srednje뚎lska";4
" ";" ";" ";" ";"Vi뚉e뚎lska, visoko뚎lska";2
" ";" ";" ";"Tuji dr료vljani"
" ";" ";" ";" ";"Osnovno뚎lska ali manj";23
" ";" ";" ";" ";"Srednje뚎lska";23
" ";" ";" ";" ";"Vi뚉e뚎lska, visoko뚎lska";11
" ";" ";"2016"
" ";" ";" ";"Dr료vljani RS"
" ";" ";" ";" ";"Osnovno뚎lska ali manj";2
" ";" ";" ";" ";"Srednje뚎lska";1
" ";" ";" ";" ";"Vi뚉e뚎lska, visoko뚎lska";6
" ";" ";" ";"Tuji dr료vljani"
" ";" ";" ";" ";"Osnovno뚎lska ali manj";15
" ";" ";" ";" ";"Srednje뚎lska";20
" ";" ";" ";" ";"Vi뚉e뚎lska, visoko뚎lska";9
" ";" ";"2017"
" ";" ";" ";"Dr료vljani RS"
" ";" ";" ";" ";"Osnovno뚎lska ali manj";0
" ";" ";" ";" ";"Srednje뚎lska";5
" ";" ";" ";" ";"Vi뚉e뚎lska, visoko뚎lska";3
" ";" ";" ";"Tuji dr료vljani"
" ";" ";" ";" ";"Osnovno뚎lska ali manj";35
" ";" ";" ";" ";"Srednje뚎lska";19
" ";" ";" ";" ";"Vi뚉e뚎lska, visoko뚎lska";20
" ";"AZIJA"
" ";" ";"2011"
" ";" ";" ";"Dr료vljani RS"
" ";" ";" ";" ";"Osnovno뚎lska ali manj";8
" ";" ";" ";" ";"Srednje뚎lska";10
" ";" ";" ";" ";"Vi뚉e뚎lska, visoko뚎lska";15
" ";" ";" ";"Tuji dr료vljani"
" ";" ";" ";" ";"Osnovno뚎lska ali manj";35
" ";" ";" ";" ";"Srednje뚎lska";64
" ";" ";" ";" ";"Vi뚉e뚎lska, visoko뚎lska";25
" ";" ";"2012"
" ";" ";" ";"Dr료vljani RS"
" ";" ";" ";" ";"Osnovno뚎lska ali manj";2
" ";" ";" ";" ";"Srednje뚎lska";8
" ";" ";" ";" ";"Vi뚉e뚎lska, visoko뚎lska";11
" ";" ";" ";"Tuji dr료vljani"
" ";" ";" ";" ";"Osnovno뚎lska ali manj";43
" ";" ";" ";" ";"Srednje뚎lska";81
" ";" ";" ";" ";"Vi뚉e뚎lska, visoko뚎lska";25
" ";" ";"2013"
" ";" ";" ";"Dr료vljani RS"
" ";" ";" ";" ";"Osnovno뚎lska ali manj";1
" ";" ";" ";" ";"Srednje뚎lska";8
" ";" ";" ";" ";"Vi뚉e뚎lska, visoko뚎lska";8
" ";" ";" ";"Tuji dr료vljani"
" ";" ";" ";" ";"Osnovno뚎lska ali manj";39
" ";" ";" ";" ";"Srednje뚎lska";64
" ";" ";" ";" ";"Vi뚉e뚎lska, visoko뚎lska";38
" ";" ";"2014"
" ";" ";" ";"Dr료vljani RS"
" ";" ";" ";" ";"Osnovno뚎lska ali manj";3
" ";" ";" ";" ";"Srednje뚎lska";12
" ";" ";" ";" ";"Vi뚉e뚎lska, visoko뚎lska";13
" ";" ";" ";"Tuji dr료vljani"
" ";" ";" ";" ";"Osnovno뚎lska ali manj";36
" ";" ";" ";" ";"Srednje뚎lska";55
" ";" ";" ";" ";"Vi뚉e뚎lska, visoko뚎lska";43
" ";" ";"2015"
" ";" ";" ";"Dr료vljani RS"
" ";" ";" ";" ";"Osnovno뚎lska ali manj";2
" ";" ";" ";" ";"Srednje뚎lska";19
" ";" ";" ";" ";"Vi뚉e뚎lska, visoko뚎lska";15
" ";" ";" ";"Tuji dr료vljani"
" ";" ";" ";" ";"Osnovno뚎lska ali manj";34
" ";" ";" ";" ";"Srednje뚎lska";75
" ";" ";" ";" ";"Vi뚉e뚎lska, visoko뚎lska";64
" ";" ";"2016"
" ";" ";" ";"Dr료vljani RS"
" ";" ";" ";" ";"Osnovno뚎lska ali manj";5
" ";" ";" ";" ";"Srednje뚎lska";13
" ";" ";" ";" ";"Vi뚉e뚎lska, visoko뚎lska";18
" ";" ";" ";"Tuji dr료vljani"
" ";" ";" ";" ";"Osnovno뚎lska ali manj";40
" ";" ";" ";" ";"Srednje뚎lska";82
" ";" ";" ";" ";"Vi뚉e뚎lska, visoko뚎lska";65
" ";" ";"2017"
" ";" ";" ";"Dr료vljani RS"
" ";" ";" ";" ";"Osnovno뚎lska ali manj";4
" ";" ";" ";" ";"Srednje뚎lska";28
" ";" ";" ";" ";"Vi뚉e뚎lska, visoko뚎lska";25
" ";" ";" ";"Tuji dr료vljani"
" ";" ";" ";" ";"Osnovno뚎lska ali manj";43
" ";" ";" ";" ";"Srednje뚎lska";102
" ";" ";" ";" ";"Vi뚉e뚎lska, visoko뚎lska";88
" ";"SEVERNA IN SREDNJA AMERIKA"
" ";" ";"2011"
" ";" ";" ";"Dr료vljani RS"
" ";" ";" ";" ";"Osnovno뚎lska ali manj";18
" ";" ";" ";" ";"Srednje뚎lska";41
" ";" ";" ";" ";"Vi뚉e뚎lska, visoko뚎lska";40
" ";" ";" ";"Tuji dr료vljani"
" ";" ";" ";" ";"Osnovno뚎lska ali manj";20
" ";" ";" ";" ";"Srednje뚎lska";23
" ";" ";" ";" ";"Vi뚉e뚎lska, visoko뚎lska";18
" ";" ";"2012"
" ";" ";" ";"Dr료vljani RS"
" ";" ";" ";" ";"Osnovno뚎lska ali manj";15
" ";" ";" ";" ";"Srednje뚎lska";42
" ";" ";" ";" ";"Vi뚉e뚎lska, visoko뚎lska";15
" ";" ";" ";"Tuji dr료vljani"
" ";" ";" ";" ";"Osnovno뚎lska ali manj";14
" ";" ";" ";" ";"Srednje뚎lska";19
" ";" ";" ";" ";"Vi뚉e뚎lska, visoko뚎lska";12
" ";" ";"2013"
" ";" ";" ";"Dr료vljani RS"
" ";" ";" ";" ";"Osnovno뚎lska ali manj";10
" ";" ";" ";" ";"Srednje뚎lska";26
" ";" ";" ";" ";"Vi뚉e뚎lska, visoko뚎lska";20
" ";" ";" ";"Tuji dr료vljani"
" ";" ";" ";" ";"Osnovno뚎lska ali manj";13
" ";" ";" ";" ";"Srednje뚎lska";21
" ";" ";" ";" ";"Vi뚉e뚎lska, visoko뚎lska";20
" ";" ";"2014"
" ";" ";" ";"Dr료vljani RS"
" ";" ";" ";" ";"Osnovno뚎lska ali manj";11
" ";" ";" ";" ";"Srednje뚎lska";37
" ";" ";" ";" ";"Vi뚉e뚎lska, visoko뚎lska";20
" ";" ";" ";"Tuji dr료vljani"
" ";" ";" ";" ";"Osnovno뚎lska ali manj";11
" ";" ";" ";" ";"Srednje뚎lska";27
" ";" ";" ";" ";"Vi뚉e뚎lska, visoko뚎lska";12
" ";" ";"2015"
" ";" ";" ";"Dr료vljani RS"
" ";" ";" ";" ";"Osnovno뚎lska ali manj";10
" ";" ";" ";" ";"Srednje뚎lska";41
" ";" ";" ";" ";"Vi뚉e뚎lska, visoko뚎lska";24
" ";" ";" ";"Tuji dr료vljani"
" ";" ";" ";" ";"Osnovno뚎lska ali manj";16
" ";" ";" ";" ";"Srednje뚎lska";25
" ";" ";" ";" ";"Vi뚉e뚎lska, visoko뚎lska";12
" ";" ";"2016"
" ";" ";" ";"Dr료vljani RS"
" ";" ";" ";" ";"Osnovno뚎lska ali manj";12
" ";" ";" ";" ";"Srednje뚎lska";39
" ";" ";" ";" ";"Vi뚉e뚎lska, visoko뚎lska";18
" ";" ";" ";"Tuji dr료vljani"
" ";" ";" ";" ";"Osnovno뚎lska ali manj";10
" ";" ";" ";" ";"Srednje뚎lska";22
" ";" ";" ";" ";"Vi뚉e뚎lska, visoko뚎lska";17
" ";" ";"2017"
" ";" ";" ";"Dr료vljani RS"
" ";" ";" ";" ";"Osnovno뚎lska ali manj";12
" ";" ";" ";" ";"Srednje뚎lska";43
" ";" ";" ";" ";"Vi뚉e뚎lska, visoko뚎lska";32
" ";" ";" ";"Tuji dr료vljani"
" ";" ";" ";" ";"Osnovno뚎lska ali manj";4
" ";" ";" ";" ";"Srednje뚎lska";17
" ";" ";" ";" ";"Vi뚉e뚎lska, visoko뚎lska";19
" ";"JU꾍A AMERIKA"
" ";" ";"2011"
" ";" ";" ";"Dr료vljani RS"
" ";" ";" ";" ";"Osnovno뚎lska ali manj";4
" ";" ";" ";" ";"Srednje뚎lska";9
" ";" ";" ";" ";"Vi뚉e뚎lska, visoko뚎lska";3
" ";" ";" ";"Tuji dr료vljani"
" ";" ";" ";" ";"Osnovno뚎lska ali manj";9
" ";" ";" ";" ";"Srednje뚎lska";13
" ";" ";" ";" ";"Vi뚉e뚎lska, visoko뚎lska";1
" ";" ";"2012"
" ";" ";" ";"Dr료vljani RS"
" ";" ";" ";" ";"Osnovno뚎lska ali manj";1
" ";" ";" ";" ";"Srednje뚎lska";5
" ";" ";" ";" ";"Vi뚉e뚎lska, visoko뚎lska";3
" ";" ";" ";"Tuji dr료vljani"
" ";" ";" ";" ";"Osnovno뚎lska ali manj";5
" ";" ";" ";" ";"Srednje뚎lska";9
" ";" ";" ";" ";"Vi뚉e뚎lska, visoko뚎lska";2
" ";" ";"2013"
" ";" ";" ";"Dr료vljani RS"
" ";" ";" ";" ";"Osnovno뚎lska ali manj";1
" ";" ";" ";" ";"Srednje뚎lska";9
" ";" ";" ";" ";"Vi뚉e뚎lska, visoko뚎lska";3
" ";" ";" ";"Tuji dr료vljani"
" ";" ";" ";" ";"Osnovno뚎lska ali manj";5
" ";" ";" ";" ";"Srednje뚎lska";7
" ";" ";" ";" ";"Vi뚉e뚎lska, visoko뚎lska";3
" ";" ";"2014"
" ";" ";" ";"Dr료vljani RS"
" ";" ";" ";" ";"Osnovno뚎lska ali manj";2
" ";" ";" ";" ";"Srednje뚎lska";3
" ";" ";" ";" ";"Vi뚉e뚎lska, visoko뚎lska";6
" ";" ";" ";"Tuji dr료vljani"
" ";" ";" ";" ";"Osnovno뚎lska ali manj";4
" ";" ";" ";" ";"Srednje뚎lska";3
" ";" ";" ";" ";"Vi뚉e뚎lska, visoko뚎lska";4
" ";" ";"2015"
" ";" ";" ";"Dr료vljani RS"
" ";" ";" ";" ";"Osnovno뚎lska ali manj";1
" ";" ";" ";" ";"Srednje뚎lska";9
" ";" ";" ";" ";"Vi뚉e뚎lska, visoko뚎lska";2
" ";" ";" ";"Tuji dr료vljani"
" ";" ";" ";" ";"Osnovno뚎lska ali manj";1
" ";" ";" ";" ";"Srednje뚎lska";11
" ";" ";" ";" ";"Vi뚉e뚎lska, visoko뚎lska";1
" ";" ";"2016"
" ";" ";" ";"Dr료vljani RS"
" ";" ";" ";" ";"Osnovno뚎lska ali manj";2
" ";" ";" ";" ";"Srednje뚎lska";8
" ";" ";" ";" ";"Vi뚉e뚎lska, visoko뚎lska";5
" ";" ";" ";"Tuji dr료vljani"
" ";" ";" ";" ";"Osnovno뚎lska ali manj";7
" ";" ";" ";" ";"Srednje뚎lska";9
" ";" ";" ";" ";"Vi뚉e뚎lska, visoko뚎lska";4
" ";" ";"2017"
" ";" ";" ";"Dr료vljani RS"
" ";" ";" ";" ";"Osnovno뚎lska ali manj";1
" ";" ";" ";" ";"Srednje뚎lska";10
" ";" ";" ";" ";"Vi뚉e뚎lska, visoko뚎lska";4
" ";" ";" ";"Tuji dr료vljani"
" ";" ";" ";" ";"Osnovno뚎lska ali manj";3
" ";" ";" ";" ";"Srednje뚎lska";14
" ";" ";" ";" ";"Vi뚉e뚎lska, visoko뚎lska";9
" ";"AVSTRALIJA IN OCEANIJA"
" ";" ";"2011"
" ";" ";" ";"Dr료vljani RS"
" ";" ";" ";" ";"Osnovno뚎lska ali manj";6
" ";" ";" ";" ";"Srednje뚎lska";20
" ";" ";" ";" ";"Vi뚉e뚎lska, visoko뚎lska";3
" ";" ";" ";"Tuji dr료vljani"
" ";" ";" ";" ";"Osnovno뚎lska ali manj";3
" ";" ";" ";" ";"Srednje뚎lska";5
" ";" ";" ";" ";"Vi뚉e뚎lska, visoko뚎lska";1
" ";" ";"2012"
" ";" ";" ";"Dr료vljani RS"
" ";" ";" ";" ";"Osnovno뚎lska ali manj";4
" ";" ";" ";" ";"Srednje뚎lska";12
" ";" ";" ";" ";"Vi뚉e뚎lska, visoko뚎lska";3
" ";" ";" ";"Tuji dr료vljani"
" ";" ";" ";" ";"Osnovno뚎lska ali manj";3
" ";" ";" ";" ";"Srednje뚎lska";4
" ";" ";" ";" ";"Vi뚉e뚎lska, visoko뚎lska";3
" ";" ";"2013"
" ";" ";" ";"Dr료vljani RS"
" ";" ";" ";" ";"Osnovno뚎lska ali manj";6
" ";" ";" ";" ";"Srednje뚎lska";16
" ";" ";" ";" ";"Vi뚉e뚎lska, visoko뚎lska";8
" ";" ";" ";"Tuji dr료vljani"
" ";" ";" ";" ";"Osnovno뚎lska ali manj";4
" ";" ";" ";" ";"Srednje뚎lska";5
" ";" ";" ";" ";"Vi뚉e뚎lska, visoko뚎lska";1
" ";" ";"2014"
" ";" ";" ";"Dr료vljani RS"
" ";" ";" ";" ";"Osnovno뚎lska ali manj";5
" ";" ";" ";" ";"Srednje뚎lska";14
" ";" ";" ";" ";"Vi뚉e뚎lska, visoko뚎lska";3
" ";" ";" ";"Tuji dr료vljani"
" ";" ";" ";" ";"Osnovno뚎lska ali manj";3
" ";" ";" ";" ";"Srednje뚎lska";1
" ";" ";" ";" ";"Vi뚉e뚎lska, visoko뚎lska";2
" ";" ";"2015"
" ";" ";" ";"Dr료vljani RS"
" ";" ";" ";" ";"Osnovno뚎lska ali manj";7
" ";" ";" ";" ";"Srednje뚎lska";18
" ";" ";" ";" ";"Vi뚉e뚎lska, visoko뚎lska";10
" ";" ";" ";"Tuji dr료vljani"
" ";" ";" ";" ";"Osnovno뚎lska ali manj";4
" ";" ";" ";" ";"Srednje뚎lska";2
" ";" ";" ";" ";"Vi뚉e뚎lska, visoko뚎lska";2
" ";" ";"2016"
" ";" ";" ";"Dr료vljani RS"
" ";" ";" ";" ";"Osnovno뚎lska ali manj";3
" ";" ";" ";" ";"Srednje뚎lska";28
" ";" ";" ";" ";"Vi뚉e뚎lska, visoko뚎lska";6
" ";" ";" ";"Tuji dr료vljani"
" ";" ";" ";" ";"Osnovno뚎lska ali manj";2
" ";" ";" ";" ";"Srednje뚎lska";5
" ";" ";" ";" ";"Vi뚉e뚎lska, visoko뚎lska";2
" ";" ";"2017"
" ";" ";" ";"Dr료vljani RS"
" ";" ";" ";" ";"Osnovno뚎lska ali manj";1
" ";" ";" ";" ";"Srednje뚎lska";13
" ";" ";" ";" ";"Vi뚉e뚎lska, visoko뚎lska";8
" ";" ";" ";"Tuji dr료vljani"
" ";" ";" ";" ";"Osnovno뚎lska ali manj";1
" ";" ";" ";" ";"Srednje뚎lska";7
" ";" ";" ";" ";"Vi뚉e뚎lska, visoko뚎lska";3
"꾠nske"
" ";"....Bosna in Hercegovina"
" ";" ";"2011"
" ";" ";" ";"Dr료vljani RS"
" ";" ";" ";" ";"Osnovno뚎lska ali manj";15
" ";" ";" ";" ";"Srednje뚎lska";20
" ";" ";" ";" ";"Vi뚉e뚎lska, visoko뚎lska";13
" ";" ";" ";"Tuji dr료vljani"
" ";" ";" ";" ";"Osnovno뚎lska ali manj";532
" ";" ";" ";" ";"Srednje뚎lska";370
" ";" ";" ";" ";"Vi뚉e뚎lska, visoko뚎lska";95
" ";" ";"2012"
" ";" ";" ";"Dr료vljani RS"
" ";" ";" ";" ";"Osnovno뚎lska ali manj";12
" ";" ";" ";" ";"Srednje뚎lska";22
" ";" ";" ";" ";"Vi뚉e뚎lska, visoko뚎lska";2
" ";" ";" ";"Tuji dr료vljani"
" ";" ";" ";" ";"Osnovno뚎lska ali manj";601
" ";" ";" ";" ";"Srednje뚎lska";435
" ";" ";" ";" ";"Vi뚉e뚎lska, visoko뚎lska";126
" ";" ";"2013"
" ";" ";" ";"Dr료vljani RS"
" ";" ";" ";" ";"Osnovno뚎lska ali manj";9
" ";" ";" ";" ";"Srednje뚎lska";8
" ";" ";" ";" ";"Vi뚉e뚎lska, visoko뚎lska";3
" ";" ";" ";"Tuji dr료vljani"
" ";" ";" ";" ";"Osnovno뚎lska ali manj";644
" ";" ";" ";" ";"Srednje뚎lska";452
" ";" ";" ";" ";"Vi뚉e뚎lska, visoko뚎lska";84
" ";" ";"2014"
" ";" ";" ";"Dr료vljani RS"
" ";" ";" ";" ";"Osnovno뚎lska ali manj";6
" ";" ";" ";" ";"Srednje뚎lska";12
" ";" ";" ";" ";"Vi뚉e뚎lska, visoko뚎lska";4
" ";" ";" ";"Tuji dr료vljani"
" ";" ";" ";" ";"Osnovno뚎lska ali manj";558
" ";" ";" ";" ";"Srednje뚎lska";407
" ";" ";" ";" ";"Vi뚉e뚎lska, visoko뚎lska";140
" ";" ";"2015"
" ";" ";" ";"Dr료vljani RS"
" ";" ";" ";" ";"Osnovno뚎lska ali manj";17
" ";" ";" ";" ";"Srednje뚎lska";13
" ";" ";" ";" ";"Vi뚉e뚎lska, visoko뚎lska";6
" ";" ";" ";"Tuji dr료vljani"
" ";" ";" ";" ";"Osnovno뚎lska ali manj";665
" ";" ";" ";" ";"Srednje뚎lska";609
" ";" ";" ";" ";"Vi뚉e뚎lska, visoko뚎lska";136
" ";" ";"2016"
" ";" ";" ";"Dr료vljani RS"
" ";" ";" ";" ";"Osnovno뚎lska ali manj";13
" ";" ";" ";" ";"Srednje뚎lska";25
" ";" ";" ";" ";"Vi뚉e뚎lska, visoko뚎lska";5
" ";" ";" ";"Tuji dr료vljani"
" ";" ";" ";" ";"Osnovno뚎lska ali manj";565
" ";" ";" ";" ";"Srednje뚎lska";547
" ";" ";" ";" ";"Vi뚉e뚎lska, visoko뚎lska";144
" ";" ";"2017"
" ";" ";" ";"Dr료vljani RS"
" ";" ";" ";" ";"Osnovno뚎lska ali manj";19
" ";" ";" ";" ";"Srednje뚎lska";12
" ";" ";" ";" ";"Vi뚉e뚎lska, visoko뚎lska";5
" ";" ";" ";"Tuji dr료vljani"
" ";" ";" ";" ";"Osnovno뚎lska ali manj";591
" ";" ";" ";" ";"Srednje뚎lska";627
" ";" ";" ";" ";"Vi뚉e뚎lska, visoko뚎lska";188
" ";"....rna gora"
" ";" ";"2011"
" ";" ";" ";"Dr료vljani RS"
" ";" ";" ";" ";"Osnovno뚎lska ali manj";1
" ";" ";" ";" ";"Srednje뚎lska";0
" ";" ";" ";" ";"Vi뚉e뚎lska, visoko뚎lska";1
" ";" ";" ";"Tuji dr료vljani"
" ";" ";" ";" ";"Osnovno뚎lska ali manj";17
" ";" ";" ";" ";"Srednje뚎lska";12
" ";" ";" ";" ";"Vi뚉e뚎lska, visoko뚎lska";13
" ";" ";"2012"
" ";" ";" ";"Dr료vljani RS"
" ";" ";" ";" ";"Osnovno뚎lska ali manj";4
" ";" ";" ";" ";"Srednje뚎lska";3
" ";" ";" ";" ";"Vi뚉e뚎lska, visoko뚎lska";2
" ";" ";" ";"Tuji dr료vljani"
" ";" ";" ";" ";"Osnovno뚎lska ali manj";20
" ";" ";" ";" ";"Srednje뚎lska";12
" ";" ";" ";" ";"Vi뚉e뚎lska, visoko뚎lska";6
" ";" ";"2013"
" ";" ";" ";"Dr료vljani RS"
" ";" ";" ";" ";"Osnovno뚎lska ali manj";0
" ";" ";" ";" ";"Srednje뚎lska";2
" ";" ";" ";" ";"Vi뚉e뚎lska, visoko뚎lska";3
" ";" ";" ";"Tuji dr료vljani"
" ";" ";" ";" ";"Osnovno뚎lska ali manj";24
" ";" ";" ";" ";"Srednje뚎lska";13
" ";" ";" ";" ";"Vi뚉e뚎lska, visoko뚎lska";7
" ";" ";"2014"
" ";" ";" ";"Dr료vljani RS"
" ";" ";" ";" ";"Osnovno뚎lska ali manj";1
" ";" ";" ";" ";"Srednje뚎lska";4
" ";" ";" ";" ";"Vi뚉e뚎lska, visoko뚎lska";1
" ";" ";" ";"Tuji dr료vljani"
" ";" ";" ";" ";"Osnovno뚎lska ali manj";12
" ";" ";" ";" ";"Srednje뚎lska";13
" ";" ";" ";" ";"Vi뚉e뚎lska, visoko뚎lska";6
" ";" ";"2015"
" ";" ";" ";"Dr료vljani RS"
" ";" ";" ";" ";"Osnovno뚎lska ali manj";1
" ";" ";" ";" ";"Srednje뚎lska";4
" ";" ";" ";" ";"Vi뚉e뚎lska, visoko뚎lska";1
" ";" ";" ";"Tuji dr료vljani"
" ";" ";" ";" ";"Osnovno뚎lska ali manj";9
" ";" ";" ";" ";"Srednje뚎lska";7
" ";" ";" ";" ";"Vi뚉e뚎lska, visoko뚎lska";6
" ";" ";"2016"
" ";" ";" ";"Dr료vljani RS"
" ";" ";" ";" ";"Osnovno뚎lska ali manj";0
" ";" ";" ";" ";"Srednje뚎lska";3
" ";" ";" ";" ";"Vi뚉e뚎lska, visoko뚎lska";2
" ";" ";" ";"Tuji dr료vljani"
" ";" ";" ";" ";"Osnovno뚎lska ali manj";9
" ";" ";" ";" ";"Srednje뚎lska";8
" ";" ";" ";" ";"Vi뚉e뚎lska, visoko뚎lska";7
" ";" ";"2017"
" ";" ";" ";"Dr료vljani RS"
" ";" ";" ";" ";"Osnovno뚎lska ali manj";3
" ";" ";" ";" ";"Srednje뚎lska";1
" ";" ";" ";" ";"Vi뚉e뚎lska, visoko뚎lska";2
" ";" ";" ";"Tuji dr료vljani"
" ";" ";" ";" ";"Osnovno뚎lska ali manj";9
" ";" ";" ";" ";"Srednje뚎lska";14
" ";" ";" ";" ";"Vi뚉e뚎lska, visoko뚎lska";8
" ";"....Kosovo"
" ";" ";"2011"
" ";" ";" ";"Dr료vljani RS"
" ";" ";" ";" ";"Osnovno뚎lska ali manj";0
" ";" ";" ";" ";"Srednje뚎lska";1
" ";" ";" ";" ";"Vi뚉e뚎lska, visoko뚎lska";0
" ";" ";" ";"Tuji dr료vljani"
" ";" ";" ";" ";"Osnovno뚎lska ali manj";210
" ";" ";" ";" ";"Srednje뚎lska";119
" ";" ";" ";" ";"Vi뚉e뚎lska, visoko뚎lska";47
" ";" ";"2012"
" ";" ";" ";"Dr료vljani RS"
" ";" ";" ";" ";"Osnovno뚎lska ali manj";3
" ";" ";" ";" ";"Srednje뚎lska";1
" ";" ";" ";" ";"Vi뚉e뚎lska, visoko뚎lska";0
" ";" ";" ";"Tuji dr료vljani"
" ";" ";" ";" ";"Osnovno뚎lska ali manj";268
" ";" ";" ";" ";"Srednje뚎lska";147
" ";" ";" ";" ";"Vi뚉e뚎lska, visoko뚎lska";52
" ";" ";"2013"
" ";" ";" ";"Dr료vljani RS"
" ";" ";" ";" ";"Osnovno뚎lska ali manj";1
" ";" ";" ";" ";"Srednje뚎lska";2
" ";" ";" ";" ";"Vi뚉e뚎lska, visoko뚎lska";1
" ";" ";" ";"Tuji dr료vljani"
" ";" ";" ";" ";"Osnovno뚎lska ali manj";261
" ";" ";" ";" ";"Srednje뚎lska";159
" ";" ";" ";" ";"Vi뚉e뚎lska, visoko뚎lska";41
" ";" ";"2014"
" ";" ";" ";"Dr료vljani RS"
" ";" ";" ";" ";"Osnovno뚎lska ali manj";3
" ";" ";" ";" ";"Srednje뚎lska";1
" ";" ";" ";" ";"Vi뚉e뚎lska, visoko뚎lska";3
" ";" ";" ";"Tuji dr료vljani"
" ";" ";" ";" ";"Osnovno뚎lska ali manj";276
" ";" ";" ";" ";"Srednje뚎lska";194
" ";" ";" ";" ";"Vi뚉e뚎lska, visoko뚎lska";55
" ";" ";"2015"
" ";" ";" ";"Dr료vljani RS"
" ";" ";" ";" ";"Osnovno뚎lska ali manj";6
" ";" ";" ";" ";"Srednje뚎lska";4
" ";" ";" ";" ";"Vi뚉e뚎lska, visoko뚎lska";2
" ";" ";" ";"Tuji dr료vljani"
" ";" ";" ";" ";"Osnovno뚎lska ali manj";346
" ";" ";" ";" ";"Srednje뚎lska";202
" ";" ";" ";" ";"Vi뚉e뚎lska, visoko뚎lska";73
" ";" ";"2016"
" ";" ";" ";"Dr료vljani RS"
" ";" ";" ";" ";"Osnovno뚎lska ali manj";1
" ";" ";" ";" ";"Srednje뚎lska";3
" ";" ";" ";" ";"Vi뚉e뚎lska, visoko뚎lska";1
" ";" ";" ";"Tuji dr료vljani"
" ";" ";" ";" ";"Osnovno뚎lska ali manj";329
" ";" ";" ";" ";"Srednje뚎lska";198
" ";" ";" ";" ";"Vi뚉e뚎lska, visoko뚎lska";61
" ";" ";"2017"
" ";" ";" ";"Dr료vljani RS"
" ";" ";" ";" ";"Osnovno뚎lska ali manj";1
" ";" ";" ";" ";"Srednje뚎lska";2
" ";" ";" ";" ";"Vi뚉e뚎lska, visoko뚎lska";0
" ";" ";" ";"Tuji dr료vljani"
" ";" ";" ";" ";"Osnovno뚎lska ali manj";278
" ";" ";" ";" ";"Srednje뚎lska";173
" ";" ";" ";" ";"Vi뚉e뚎lska, visoko뚎lska";58
" ";"....Makedonija"
" ";" ";"2011"
" ";" ";" ";"Dr료vljani RS"
" ";" ";" ";" ";"Osnovno뚎lska ali manj";16
" ";" ";" ";" ";"Srednje뚎lska";8
" ";" ";" ";" ";"Vi뚉e뚎lska, visoko뚎lska";7
" ";" ";" ";"Tuji dr료vljani"
" ";" ";" ";" ";"Osnovno뚎lska ali manj";201
" ";" ";" ";" ";"Srednje뚎lska";141
" ";" ";" ";" ";"Vi뚉e뚎lska, visoko뚎lska";54
" ";" ";"2012"
" ";" ";" ";"Dr료vljani RS"
" ";" ";" ";" ";"Osnovno뚎lska ali manj";5
" ";" ";" ";" ";"Srednje뚎lska";6
" ";" ";" ";" ";"Vi뚉e뚎lska, visoko뚎lska";2
" ";" ";" ";"Tuji dr료vljani"
" ";" ";" ";" ";"Osnovno뚎lska ali manj";238
" ";" ";" ";" ";"Srednje뚎lska";180
" ";" ";" ";" ";"Vi뚉e뚎lska, visoko뚎lska";64
" ";" ";"2013"
" ";" ";" ";"Dr료vljani RS"
" ";" ";" ";" ";"Osnovno뚎lska ali manj";3
" ";" ";" ";" ";"Srednje뚎lska";7
" ";" ";" ";" ";"Vi뚉e뚎lska, visoko뚎lska";2
" ";" ";" ";"Tuji dr료vljani"
" ";" ";" ";" ";"Osnovno뚎lska ali manj";188
" ";" ";" ";" ";"Srednje뚎lska";131
" ";" ";" ";" ";"Vi뚉e뚎lska, visoko뚎lska";71
" ";" ";"2014"
" ";" ";" ";"Dr료vljani RS"
" ";" ";" ";" ";"Osnovno뚎lska ali manj";3
" ";" ";" ";" ";"Srednje뚎lska";7
" ";" ";" ";" ";"Vi뚉e뚎lska, visoko뚎lska";0
" ";" ";" ";"Tuji dr료vljani"
" ";" ";" ";" ";"Osnovno뚎lska ali manj";181
" ";" ";" ";" ";"Srednje뚎lska";128
" ";" ";" ";" ";"Vi뚉e뚎lska, visoko뚎lska";47
" ";" ";"2015"
" ";" ";" ";"Dr료vljani RS"
" ";" ";" ";" ";"Osnovno뚎lska ali manj";4
" ";" ";" ";" ";"Srednje뚎lska";5
" ";" ";" ";" ";"Vi뚉e뚎lska, visoko뚎lska";3
" ";" ";" ";"Tuji dr료vljani"
" ";" ";" ";" ";"Osnovno뚎lska ali manj";159
" ";" ";" ";" ";"Srednje뚎lska";127
" ";" ";" ";" ";"Vi뚉e뚎lska, visoko뚎lska";55
" ";" ";"2016"
" ";" ";" ";"Dr료vljani RS"
" ";" ";" ";" ";"Osnovno뚎lska ali manj";1
" ";" ";" ";" ";"Srednje뚎lska";5
" ";" ";" ";" ";"Vi뚉e뚎lska, visoko뚎lska";3
" ";" ";" ";"Tuji dr료vljani"
" ";" ";" ";" ";"Osnovno뚎lska ali manj";157
" ";" ";" ";" ";"Srednje뚎lska";183
" ";" ";" ";" ";"Vi뚉e뚎lska, visoko뚎lska";72
" ";" ";"2017"
" ";" ";" ";"Dr료vljani RS"
" ";" ";" ";" ";"Osnovno뚎lska ali manj";6
" ";" ";" ";" ";"Srednje뚎lska";4
" ";" ";" ";" ";"Vi뚉e뚎lska, visoko뚎lska";4
" ";" ";" ";"Tuji dr료vljani"
" ";" ";" ";" ";"Osnovno뚎lska ali manj";177
" ";" ";" ";" ";"Srednje뚎lska";199
" ";" ";" ";" ";"Vi뚉e뚎lska, visoko뚎lska";71
" ";"....Srbija"
" ";" ";"2011"
" ";" ";" ";"Dr료vljani RS"
" ";" ";" ";" ";"Osnovno뚎lska ali manj";22
" ";" ";" ";" ";"Srednje뚎lska";31
" ";" ";" ";" ";"Vi뚉e뚎lska, visoko뚎lska";17
" ";" ";" ";"Tuji dr료vljani"
" ";" ";" ";" ";"Osnovno뚎lska ali manj";120
" ";" ";" ";" ";"Srednje뚎lska";127
" ";" ";" ";" ";"Vi뚉e뚎lska, visoko뚎lska";61
" ";" ";"2012"
" ";" ";" ";"Dr료vljani RS"
" ";" ";" ";" ";"Osnovno뚎lska ali manj";13
" ";" ";" ";" ";"Srednje뚎lska";29
" ";" ";" ";" ";"Vi뚉e뚎lska, visoko뚎lska";12
" ";" ";" ";"Tuji dr료vljani"
" ";" ";" ";" ";"Osnovno뚎lska ali manj";142
" ";" ";" ";" ";"Srednje뚎lska";129
" ";" ";" ";" ";"Vi뚉e뚎lska, visoko뚎lska";101
" ";" ";"2013"
" ";" ";" ";"Dr료vljani RS"
" ";" ";" ";" ";"Osnovno뚎lska ali manj";10
" ";" ";" ";" ";"Srednje뚎lska";22
" ";" ";" ";" ";"Vi뚉e뚎lska, visoko뚎lska";13
" ";" ";" ";"Tuji dr료vljani"
" ";" ";" ";" ";"Osnovno뚎lska ali manj";122
" ";" ";" ";" ";"Srednje뚎lska";111
" ";" ";" ";" ";"Vi뚉e뚎lska, visoko뚎lska";90
" ";" ";"2014"
" ";" ";" ";"Dr료vljani RS"
" ";" ";" ";" ";"Osnovno뚎lska ali manj";7
" ";" ";" ";" ";"Srednje뚎lska";23
" ";" ";" ";" ";"Vi뚉e뚎lska, visoko뚎lska";7
" ";" ";" ";"Tuji dr료vljani"
" ";" ";" ";" ";"Osnovno뚎lska ali manj";131
" ";" ";" ";" ";"Srednje뚎lska";121
" ";" ";" ";" ";"Vi뚉e뚎lska, visoko뚎lska";84
" ";" ";"2015"
" ";" ";" ";"Dr료vljani RS"
" ";" ";" ";" ";"Osnovno뚎lska ali manj";12
" ";" ";" ";" ";"Srednje뚎lska";19
" ";" ";" ";" ";"Vi뚉e뚎lska, visoko뚎lska";11
" ";" ";" ";"Tuji dr료vljani"
" ";" ";" ";" ";"Osnovno뚎lska ali manj";127
" ";" ";" ";" ";"Srednje뚎lska";126
" ";" ";" ";" ";"Vi뚉e뚎lska, visoko뚎lska";66
" ";" ";"2016"
" ";" ";" ";"Dr료vljani RS"
" ";" ";" ";" ";"Osnovno뚎lska ali manj";7
" ";" ";" ";" ";"Srednje뚎lska";19
" ";" ";" ";" ";"Vi뚉e뚎lska, visoko뚎lska";10
" ";" ";" ";"Tuji dr료vljani"
" ";" ";" ";" ";"Osnovno뚎lska ali manj";123
" ";" ";" ";" ";"Srednje뚎lska";139
" ";" ";" ";" ";"Vi뚉e뚎lska, visoko뚎lska";68
" ";" ";"2017"
" ";" ";" ";"Dr료vljani RS"
" ";" ";" ";" ";"Osnovno뚎lska ali manj";6
" ";" ";" ";" ";"Srednje뚎lska";20
" ";" ";" ";" ";"Vi뚉e뚎lska, visoko뚎lska";13
" ";" ";" ";"Tuji dr료vljani"
" ";" ";" ";" ";"Osnovno뚎lska ali manj";114
" ";" ";" ";" ";"Srednje뚎lska";179
" ";" ";" ";" ";"Vi뚉e뚎lska, visoko뚎lska";77
" ";"....Avstrija"
" ";" ";"2011"
" ";" ";" ";"Dr료vljani RS"
" ";" ";" ";" ";"Osnovno뚎lska ali manj";28
" ";" ";" ";" ";"Srednje뚎lska";46
" ";" ";" ";" ";"Vi뚉e뚎lska, visoko뚎lska";40
" ";" ";" ";"Tuji dr료vljani"
" ";" ";" ";" ";"Osnovno뚎lska ali manj";16
" ";" ";" ";" ";"Srednje뚎lska";9
" ";" ";" ";" ";"Vi뚉e뚎lska, visoko뚎lska";5
" ";" ";"2012"
" ";" ";" ";"Dr료vljani RS"
" ";" ";" ";" ";"Osnovno뚎lska ali manj";24
" ";" ";" ";" ";"Srednje뚎lska";36
" ";" ";" ";" ";"Vi뚉e뚎lska, visoko뚎lska";17
" ";" ";" ";"Tuji dr료vljani"
" ";" ";" ";" ";"Osnovno뚎lska ali manj";14
" ";" ";" ";" ";"Srednje뚎lska";9
" ";" ";" ";" ";"Vi뚉e뚎lska, visoko뚎lska";10
" ";" ";"2013"
" ";" ";" ";"Dr료vljani RS"
" ";" ";" ";" ";"Osnovno뚎lska ali manj";24
" ";" ";" ";" ";"Srednje뚎lska";36
" ";" ";" ";" ";"Vi뚉e뚎lska, visoko뚎lska";18
" ";" ";" ";"Tuji dr료vljani"
" ";" ";" ";" ";"Osnovno뚎lska ali manj";7
" ";" ";" ";" ";"Srednje뚎lska";8
" ";" ";" ";" ";"Vi뚉e뚎lska, visoko뚎lska";8
" ";" ";"2014"
" ";" ";" ";"Dr료vljani RS"
" ";" ";" ";" ";"Osnovno뚎lska ali manj";32
" ";" ";" ";" ";"Srednje뚎lska";63
" ";" ";" ";" ";"Vi뚉e뚎lska, visoko뚎lska";24
" ";" ";" ";"Tuji dr료vljani"
" ";" ";" ";" ";"Osnovno뚎lska ali manj";13
" ";" ";" ";" ";"Srednje뚎lska";6
" ";" ";" ";" ";"Vi뚉e뚎lska, visoko뚎lska";6
" ";" ";"2015"
" ";" ";" ";"Dr료vljani RS"
" ";" ";" ";" ";"Osnovno뚎lska ali manj";28
" ";" ";" ";" ";"Srednje뚎lska";69
" ";" ";" ";" ";"Vi뚉e뚎lska, visoko뚎lska";32
" ";" ";" ";"Tuji dr료vljani"
" ";" ";" ";" ";"Osnovno뚎lska ali manj";10
" ";" ";" ";" ";"Srednje뚎lska";3
" ";" ";" ";" ";"Vi뚉e뚎lska, visoko뚎lska";6
" ";" ";"2016"
" ";" ";" ";"Dr료vljani RS"
" ";" ";" ";" ";"Osnovno뚎lska ali manj";40
" ";" ";" ";" ";"Srednje뚎lska";78
" ";" ";" ";" ";"Vi뚉e뚎lska, visoko뚎lska";41
" ";" ";" ";"Tuji dr료vljani"
" ";" ";" ";" ";"Osnovno뚎lska ali manj";10
" ";" ";" ";" ";"Srednje뚎lska";14
" ";" ";" ";" ";"Vi뚉e뚎lska, visoko뚎lska";8
" ";" ";"2017"
" ";" ";" ";"Dr료vljani RS"
" ";" ";" ";" ";"Osnovno뚎lska ali manj";18
" ";" ";" ";" ";"Srednje뚎lska";69
" ";" ";" ";" ";"Vi뚉e뚎lska, visoko뚎lska";70
" ";" ";" ";"Tuji dr료vljani"
" ";" ";" ";" ";"Osnovno뚎lska ali manj";14
" ";" ";" ";" ";"Srednje뚎lska";17
" ";" ";" ";" ";"Vi뚉e뚎lska, visoko뚎lska";5
" ";"....Belgija"
" ";" ";"2011"
" ";" ";" ";"Dr료vljani RS"
" ";" ";" ";" ";"Osnovno뚎lska ali manj";9
" ";" ";" ";" ";"Srednje뚎lska";13
" ";" ";" ";" ";"Vi뚉e뚎lska, visoko뚎lska";41
" ";" ";" ";"Tuji dr료vljani"
" ";" ";" ";" ";"Osnovno뚎lska ali manj";0
" ";" ";" ";" ";"Srednje뚎lska";3
" ";" ";" ";" ";"Vi뚉e뚎lska, visoko뚎lska";2
" ";" ";"2012"
" ";" ";" ";"Dr료vljani RS"
" ";" ";" ";" ";"Osnovno뚎lska ali manj";1
" ";" ";" ";" ";"Srednje뚎lska";12
" ";" ";" ";" ";"Vi뚉e뚎lska, visoko뚎lska";13
" ";" ";" ";"Tuji dr료vljani"
" ";" ";" ";" ";"Osnovno뚎lska ali manj";1
" ";" ";" ";" ";"Srednje뚎lska";3
" ";" ";" ";" ";"Vi뚉e뚎lska, visoko뚎lska";3
" ";" ";"2013"
" ";" ";" ";"Dr료vljani RS"
" ";" ";" ";" ";"Osnovno뚎lska ali manj";2
" ";" ";" ";" ";"Srednje뚎lska";10
" ";" ";" ";" ";"Vi뚉e뚎lska, visoko뚎lska";10
" ";" ";" ";"Tuji dr료vljani"
" ";" ";" ";" ";"Osnovno뚎lska ali manj";0
" ";" ";" ";" ";"Srednje뚎lska";2
" ";" ";" ";" ";"Vi뚉e뚎lska, visoko뚎lska";0
" ";" ";"2014"
" ";" ";" ";"Dr료vljani RS"
" ";" ";" ";" ";"Osnovno뚎lska ali manj";2
" ";" ";" ";" ";"Srednje뚎lska";7
" ";" ";" ";" ";"Vi뚉e뚎lska, visoko뚎lska";8
" ";" ";" ";"Tuji dr료vljani"
" ";" ";" ";" ";"Osnovno뚎lska ali manj";0
" ";" ";" ";" ";"Srednje뚎lska";0
" ";" ";" ";" ";"Vi뚉e뚎lska, visoko뚎lska";1
" ";" ";"2015"
" ";" ";" ";"Dr료vljani RS"
" ";" ";" ";" ";"Osnovno뚎lska ali manj";3
" ";" ";" ";" ";"Srednje뚎lska";8
" ";" ";" ";" ";"Vi뚉e뚎lska, visoko뚎lska";23
" ";" ";" ";"Tuji dr료vljani"
" ";" ";" ";" ";"Osnovno뚎lska ali manj";1
" ";" ";" ";" ";"Srednje뚎lska";1
" ";" ";" ";" ";"Vi뚉e뚎lska, visoko뚎lska";0
" ";" ";"2016"
" ";" ";" ";"Dr료vljani RS"
" ";" ";" ";" ";"Osnovno뚎lska ali manj";2
" ";" ";" ";" ";"Srednje뚎lska";13
" ";" ";" ";" ";"Vi뚉e뚎lska, visoko뚎lska";17
" ";" ";" ";"Tuji dr료vljani"
" ";" ";" ";" ";"Osnovno뚎lska ali manj";1
" ";" ";" ";" ";"Srednje뚎lska";2
" ";" ";" ";" ";"Vi뚉e뚎lska, visoko뚎lska";1
" ";" ";"2017"
" ";" ";" ";"Dr료vljani RS"
" ";" ";" ";" ";"Osnovno뚎lska ali manj";1
" ";" ";" ";" ";"Srednje뚎lska";4
" ";" ";" ";" ";"Vi뚉e뚎lska, visoko뚎lska";10
" ";" ";" ";"Tuji dr료vljani"
" ";" ";" ";" ";"Osnovno뚎lska ali manj";2
" ";" ";" ";" ";"Srednje뚎lska";2
" ";" ";" ";" ";"Vi뚉e뚎lska, visoko뚎lska";2
" ";"....Bolgarija"
" ";" ";"2011"
" ";" ";" ";"Dr료vljani RS"
" ";" ";" ";" ";"Osnovno뚎lska ali manj";0
" ";" ";" ";" ";"Srednje뚎lska";0
" ";" ";" ";" ";"Vi뚉e뚎lska, visoko뚎lska";1
" ";" ";" ";"Tuji dr료vljani"
" ";" ";" ";" ";"Osnovno뚎lska ali manj";79
" ";" ";" ";" ";"Srednje뚎lska";59
" ";" ";" ";" ";"Vi뚉e뚎lska, visoko뚎lska";19
" ";" ";"2012"
" ";" ";" ";"Dr료vljani RS"
" ";" ";" ";" ";"Osnovno뚎lska ali manj";0
" ";" ";" ";" ";"Srednje뚎lska";0
" ";" ";" ";" ";"Vi뚉e뚎lska, visoko뚎lska";0
" ";" ";" ";"Tuji dr료vljani"
" ";" ";" ";" ";"Osnovno뚎lska ali manj";61
" ";" ";" ";" ";"Srednje뚎lska";91
" ";" ";" ";" ";"Vi뚉e뚎lska, visoko뚎lska";20
" ";" ";"2013"
" ";" ";" ";"Dr료vljani RS"
" ";" ";" ";" ";"Osnovno뚎lska ali manj";0
" ";" ";" ";" ";"Srednje뚎lska";0
" ";" ";" ";" ";"Vi뚉e뚎lska, visoko뚎lska";0
" ";" ";" ";"Tuji dr료vljani"
" ";" ";" ";" ";"Osnovno뚎lska ali manj";62
" ";" ";" ";" ";"Srednje뚎lska";55
" ";" ";" ";" ";"Vi뚉e뚎lska, visoko뚎lska";11
" ";" ";"2014"
" ";" ";" ";"Dr료vljani RS"
" ";" ";" ";" ";"Osnovno뚎lska ali manj";0
" ";" ";" ";" ";"Srednje뚎lska";1
" ";" ";" ";" ";"Vi뚉e뚎lska, visoko뚎lska";1
" ";" ";" ";"Tuji dr료vljani"
" ";" ";" ";" ";"Osnovno뚎lska ali manj";48
" ";" ";" ";" ";"Srednje뚎lska";52
" ";" ";" ";" ";"Vi뚉e뚎lska, visoko뚎lska";5
" ";" ";"2015"
" ";" ";" ";"Dr료vljani RS"
" ";" ";" ";" ";"Osnovno뚎lska ali manj";0
" ";" ";" ";" ";"Srednje뚎lska";0
" ";" ";" ";" ";"Vi뚉e뚎lska, visoko뚎lska";1
" ";" ";" ";"Tuji dr료vljani"
" ";" ";" ";" ";"Osnovno뚎lska ali manj";69
" ";" ";" ";" ";"Srednje뚎lska";39
" ";" ";" ";" ";"Vi뚉e뚎lska, visoko뚎lska";10
" ";" ";"2016"
" ";" ";" ";"Dr료vljani RS"
" ";" ";" ";" ";"Osnovno뚎lska ali manj";0
" ";" ";" ";" ";"Srednje뚎lska";0
" ";" ";" ";" ";"Vi뚉e뚎lska, visoko뚎lska";0
" ";" ";" ";"Tuji dr료vljani"
" ";" ";" ";" ";"Osnovno뚎lska ali manj";68
" ";" ";" ";" ";"Srednje뚎lska";49
" ";" ";" ";" ";"Vi뚉e뚎lska, visoko뚎lska";10
" ";" ";"2017"
" ";" ";" ";"Dr료vljani RS"
" ";" ";" ";" ";"Osnovno뚎lska ali manj";0
" ";" ";" ";" ";"Srednje뚎lska";0
" ";" ";" ";" ";"Vi뚉e뚎lska, visoko뚎lska";1
" ";" ";" ";"Tuji dr료vljani"
" ";" ";" ";" ";"Osnovno뚎lska ali manj";72
" ";" ";" ";" ";"Srednje뚎lska";36
" ";" ";" ";" ";"Vi뚉e뚎lska, visoko뚎lska";11
" ";"....Hrva뚊a"
" ";" ";"2011"
" ";" ";" ";"Dr료vljani RS"
" ";" ";" ";" ";"Osnovno뚎lska ali manj";40
" ";" ";" ";" ";"Srednje뚎lska";76
" ";" ";" ";" ";"Vi뚉e뚎lska, visoko뚎lska";34
" ";" ";" ";"Tuji dr료vljani"
" ";" ";" ";" ";"Osnovno뚎lska ali manj";132
" ";" ";" ";" ";"Srednje뚎lska";134
" ";" ";" ";" ";"Vi뚉e뚎lska, visoko뚎lska";65
" ";" ";"2012"
" ";" ";" ";"Dr료vljani RS"
" ";" ";" ";" ";"Osnovno뚎lska ali manj";32
" ";" ";" ";" ";"Srednje뚎lska";56
" ";" ";" ";" ";"Vi뚉e뚎lska, visoko뚎lska";20
" ";" ";" ";"Tuji dr료vljani"
" ";" ";" ";" ";"Osnovno뚎lska ali manj";84
" ";" ";" ";" ";"Srednje뚎lska";144
" ";" ";" ";" ";"Vi뚉e뚎lska, visoko뚎lska";68
" ";" ";"2013"
" ";" ";" ";"Dr료vljani RS"
" ";" ";" ";" ";"Osnovno뚎lska ali manj";19
" ";" ";" ";" ";"Srednje뚎lska";43
" ";" ";" ";" ";"Vi뚉e뚎lska, visoko뚎lska";19
" ";" ";" ";"Tuji dr료vljani"
" ";" ";" ";" ";"Osnovno뚎lska ali manj";82
" ";" ";" ";" ";"Srednje뚎lska";127
" ";" ";" ";" ";"Vi뚉e뚎lska, visoko뚎lska";65
" ";" ";"2014"
" ";" ";" ";"Dr료vljani RS"
" ";" ";" ";" ";"Osnovno뚎lska ali manj";27
" ";" ";" ";" ";"Srednje뚎lska";54
" ";" ";" ";" ";"Vi뚉e뚎lska, visoko뚎lska";26
" ";" ";" ";"Tuji dr료vljani"
" ";" ";" ";" ";"Osnovno뚎lska ali manj";99
" ";" ";" ";" ";"Srednje뚎lska";147
" ";" ";" ";" ";"Vi뚉e뚎lska, visoko뚎lska";89
" ";" ";"2015"
" ";" ";" ";"Dr료vljani RS"
" ";" ";" ";" ";"Osnovno뚎lska ali manj";23
" ";" ";" ";" ";"Srednje뚎lska";45
" ";" ";" ";" ";"Vi뚉e뚎lska, visoko뚎lska";21
" ";" ";" ";"Tuji dr료vljani"
" ";" ";" ";" ";"Osnovno뚎lska ali manj";89
" ";" ";" ";" ";"Srednje뚎lska";106
" ";" ";" ";" ";"Vi뚉e뚎lska, visoko뚎lska";82
" ";" ";"2016"
" ";" ";" ";"Dr료vljani RS"
" ";" ";" ";" ";"Osnovno뚎lska ali manj";17
" ";" ";" ";" ";"Srednje뚎lska";51
" ";" ";" ";" ";"Vi뚉e뚎lska, visoko뚎lska";20
" ";" ";" ";"Tuji dr료vljani"
" ";" ";" ";" ";"Osnovno뚎lska ali manj";91
" ";" ";" ";" ";"Srednje뚎lska";148
" ";" ";" ";" ";"Vi뚉e뚎lska, visoko뚎lska";93
" ";" ";"2017"
" ";" ";" ";"Dr료vljani RS"
" ";" ";" ";" ";"Osnovno뚎lska ali manj";13
" ";" ";" ";" ";"Srednje뚎lska";34
" ";" ";" ";" ";"Vi뚉e뚎lska, visoko뚎lska";26
" ";" ";" ";"Tuji dr료vljani"
" ";" ";" ";" ";"Osnovno뚎lska ali manj";69
" ";" ";" ";" ";"Srednje뚎lska";167
" ";" ";" ";" ";"Vi뚉e뚎lska, visoko뚎lska";101
" ";"....Italija"
" ";" ";"2011"
" ";" ";" ";"Dr료vljani RS"
" ";" ";" ";" ";"Osnovno뚎lska ali manj";19
" ";" ";" ";" ";"Srednje뚎lska";49
" ";" ";" ";" ";"Vi뚉e뚎lska, visoko뚎lska";34
" ";" ";" ";"Tuji dr료vljani"
" ";" ";" ";" ";"Osnovno뚎lska ali manj";43
" ";" ";" ";" ";"Srednje뚎lska";36
" ";" ";" ";" ";"Vi뚉e뚎lska, visoko뚎lska";21
" ";" ";"2012"
" ";" ";" ";"Dr료vljani RS"
" ";" ";" ";" ";"Osnovno뚎lska ali manj";26
" ";" ";" ";" ";"Srednje뚎lska";39
" ";" ";" ";" ";"Vi뚉e뚎lska, visoko뚎lska";20
" ";" ";" ";"Tuji dr료vljani"
" ";" ";" ";" ";"Osnovno뚎lska ali manj";50
" ";" ";" ";" ";"Srednje뚎lska";42
" ";" ";" ";" ";"Vi뚉e뚎lska, visoko뚎lska";28
" ";" ";"2013"
" ";" ";" ";"Dr료vljani RS"
" ";" ";" ";" ";"Osnovno뚎lska ali manj";16
" ";" ";" ";" ";"Srednje뚎lska";45
" ";" ";" ";" ";"Vi뚉e뚎lska, visoko뚎lska";19
" ";" ";" ";"Tuji dr료vljani"
" ";" ";" ";" ";"Osnovno뚎lska ali manj";51
" ";" ";" ";" ";"Srednje뚎lska";44
" ";" ";" ";" ";"Vi뚉e뚎lska, visoko뚎lska";25
" ";" ";"2014"
" ";" ";" ";"Dr료vljani RS"
" ";" ";" ";" ";"Osnovno뚎lska ali manj";26
" ";" ";" ";" ";"Srednje뚎lska";38
" ";" ";" ";" ";"Vi뚉e뚎lska, visoko뚎lska";32
" ";" ";" ";"Tuji dr료vljani"
" ";" ";" ";" ";"Osnovno뚎lska ali manj";59
" ";" ";" ";" ";"Srednje뚎lska";62
" ";" ";" ";" ";"Vi뚉e뚎lska, visoko뚎lska";32
" ";" ";"2015"
" ";" ";" ";"Dr료vljani RS"
" ";" ";" ";" ";"Osnovno뚎lska ali manj";17
" ";" ";" ";" ";"Srednje뚎lska";34
" ";" ";" ";" ";"Vi뚉e뚎lska, visoko뚎lska";23
" ";" ";" ";"Tuji dr료vljani"
" ";" ";" ";" ";"Osnovno뚎lska ali manj";48
" ";" ";" ";" ";"Srednje뚎lska";57
" ";" ";" ";" ";"Vi뚉e뚎lska, visoko뚎lska";23
" ";" ";"2016"
" ";" ";" ";"Dr료vljani RS"
" ";" ";" ";" ";"Osnovno뚎lska ali manj";14
" ";" ";" ";" ";"Srednje뚎lska";42
" ";" ";" ";" ";"Vi뚉e뚎lska, visoko뚎lska";34
" ";" ";" ";"Tuji dr료vljani"
" ";" ";" ";" ";"Osnovno뚎lska ali manj";66
" ";" ";" ";" ";"Srednje뚎lska";60
" ";" ";" ";" ";"Vi뚉e뚎lska, visoko뚎lska";20
" ";" ";"2017"
" ";" ";" ";"Dr료vljani RS"
" ";" ";" ";" ";"Osnovno뚎lska ali manj";10
" ";" ";" ";" ";"Srednje뚎lska";48
" ";" ";" ";" ";"Vi뚉e뚎lska, visoko뚎lska";34
" ";" ";" ";"Tuji dr료vljani"
" ";" ";" ";" ";"Osnovno뚎lska ali manj";46
" ";" ";" ";" ";"Srednje뚎lska";67
" ";" ";" ";" ";"Vi뚉e뚎lska, visoko뚎lska";36
" ";"....Nem粕ja"
" ";" ";"2011"
" ";" ";" ";"Dr료vljani RS"
" ";" ";" ";" ";"Osnovno뚎lska ali manj";99
" ";" ";" ";" ";"Srednje뚎lska";133
" ";" ";" ";" ";"Vi뚉e뚎lska, visoko뚎lska";76
" ";" ";" ";"Tuji dr료vljani"
" ";" ";" ";" ";"Osnovno뚎lska ali manj";30
" ";" ";" ";" ";"Srednje뚎lska";25
" ";" ";" ";" ";"Vi뚉e뚎lska, visoko뚎lska";16
" ";" ";"2012"
" ";" ";" ";"Dr료vljani RS"
" ";" ";" ";" ";"Osnovno뚎lska ali manj";83
" ";" ";" ";" ";"Srednje뚎lska";119
" ";" ";" ";" ";"Vi뚉e뚎lska, visoko뚎lska";48
" ";" ";" ";"Tuji dr료vljani"
" ";" ";" ";" ";"Osnovno뚎lska ali manj";33
" ";" ";" ";" ";"Srednje뚎lska";21
" ";" ";" ";" ";"Vi뚉e뚎lska, visoko뚎lska";14
" ";" ";"2013"
" ";" ";" ";"Dr료vljani RS"
" ";" ";" ";" ";"Osnovno뚎lska ali manj";50
" ";" ";" ";" ";"Srednje뚎lska";79
" ";" ";" ";" ";"Vi뚉e뚎lska, visoko뚎lska";33
" ";" ";" ";"Tuji dr료vljani"
" ";" ";" ";" ";"Osnovno뚎lska ali manj";27
" ";" ";" ";" ";"Srednje뚎lska";17
" ";" ";" ";" ";"Vi뚉e뚎lska, visoko뚎lska";10
" ";" ";"2014"
" ";" ";" ";"Dr료vljani RS"
" ";" ";" ";" ";"Osnovno뚎lska ali manj";61
" ";" ";" ";" ";"Srednje뚎lska";77
" ";" ";" ";" ";"Vi뚉e뚎lska, visoko뚎lska";45
" ";" ";" ";"Tuji dr료vljani"
" ";" ";" ";" ";"Osnovno뚎lska ali manj";35
" ";" ";" ";" ";"Srednje뚎lska";15
" ";" ";" ";" ";"Vi뚉e뚎lska, visoko뚎lska";8
" ";" ";"2015"
" ";" ";" ";"Dr료vljani RS"
" ";" ";" ";" ";"Osnovno뚎lska ali manj";37
" ";" ";" ";" ";"Srednje뚎lska";89
" ";" ";" ";" ";"Vi뚉e뚎lska, visoko뚎lska";41
" ";" ";" ";"Tuji dr료vljani"
" ";" ";" ";" ";"Osnovno뚎lska ali manj";24
" ";" ";" ";" ";"Srednje뚎lska";11
" ";" ";" ";" ";"Vi뚉e뚎lska, visoko뚎lska";3
" ";" ";"2016"
" ";" ";" ";"Dr료vljani RS"
" ";" ";" ";" ";"Osnovno뚎lska ali manj";64
" ";" ";" ";" ";"Srednje뚎lska";69
" ";" ";" ";" ";"Vi뚉e뚎lska, visoko뚎lska";62
" ";" ";" ";"Tuji dr료vljani"
" ";" ";" ";" ";"Osnovno뚎lska ali manj";33
" ";" ";" ";" ";"Srednje뚎lska";16
" ";" ";" ";" ";"Vi뚉e뚎lska, visoko뚎lska";6
" ";" ";"2017"
" ";" ";" ";"Dr료vljani RS"
" ";" ";" ";" ";"Osnovno뚎lska ali manj";70
" ";" ";" ";" ";"Srednje뚎lska";122
" ";" ";" ";" ";"Vi뚉e뚎lska, visoko뚎lska";83
" ";" ";" ";"Tuji dr료vljani"
" ";" ";" ";" ";"Osnovno뚎lska ali manj";21
" ";" ";" ";" ";"Srednje뚎lska";8
" ";" ";" ";" ";"Vi뚉e뚎lska, visoko뚎lska";6
" ";"....Slova뚊a"
" ";" ";"2011"
" ";" ";" ";"Dr료vljani RS"
" ";" ";" ";" ";"Osnovno뚎lska ali manj";0
" ";" ";" ";" ";"Srednje뚎lska";0
" ";" ";" ";" ";"Vi뚉e뚎lska, visoko뚎lska";1
" ";" ";" ";"Tuji dr료vljani"
" ";" ";" ";" ";"Osnovno뚎lska ali manj";43
" ";" ";" ";" ";"Srednje뚎lska";30
" ";" ";" ";" ";"Vi뚉e뚎lska, visoko뚎lska";10
" ";" ";"2012"
" ";" ";" ";"Dr료vljani RS"
" ";" ";" ";" ";"Osnovno뚎lska ali manj";0
" ";" ";" ";" ";"Srednje뚎lska";1
" ";" ";" ";" ";"Vi뚉e뚎lska, visoko뚎lska";0
" ";" ";" ";"Tuji dr료vljani"
" ";" ";" ";" ";"Osnovno뚎lska ali manj";28
" ";" ";" ";" ";"Srednje뚎lska";24
" ";" ";" ";" ";"Vi뚉e뚎lska, visoko뚎lska";4
" ";" ";"2013"
" ";" ";" ";"Dr료vljani RS"
" ";" ";" ";" ";"Osnovno뚎lska ali manj";0
" ";" ";" ";" ";"Srednje뚎lska";0
" ";" ";" ";" ";"Vi뚉e뚎lska, visoko뚎lska";0
" ";" ";" ";"Tuji dr료vljani"
" ";" ";" ";" ";"Osnovno뚎lska ali manj";25
" ";" ";" ";" ";"Srednje뚎lska";28
" ";" ";" ";" ";"Vi뚉e뚎lska, visoko뚎lska";7
" ";" ";"2014"
" ";" ";" ";"Dr료vljani RS"
" ";" ";" ";" ";"Osnovno뚎lska ali manj";0
" ";" ";" ";" ";"Srednje뚎lska";0
" ";" ";" ";" ";"Vi뚉e뚎lska, visoko뚎lska";0
" ";" ";" ";"Tuji dr료vljani"
" ";" ";" ";" ";"Osnovno뚎lska ali manj";17
" ";" ";" ";" ";"Srednje뚎lska";33
" ";" ";" ";" ";"Vi뚉e뚎lska, visoko뚎lska";6
" ";" ";"2015"
" ";" ";" ";"Dr료vljani RS"
" ";" ";" ";" ";"Osnovno뚎lska ali manj";0
" ";" ";" ";" ";"Srednje뚎lska";0
" ";" ";" ";" ";"Vi뚉e뚎lska, visoko뚎lska";0
" ";" ";" ";"Tuji dr료vljani"
" ";" ";" ";" ";"Osnovno뚎lska ali manj";13
" ";" ";" ";" ";"Srednje뚎lska";15
" ";" ";" ";" ";"Vi뚉e뚎lska, visoko뚎lska";9
" ";" ";"2016"
" ";" ";" ";"Dr료vljani RS"
" ";" ";" ";" ";"Osnovno뚎lska ali manj";0
" ";" ";" ";" ";"Srednje뚎lska";0
" ";" ";" ";" ";"Vi뚉e뚎lska, visoko뚎lska";0
" ";" ";" ";"Tuji dr료vljani"
" ";" ";" ";" ";"Osnovno뚎lska ali manj";15
" ";" ";" ";" ";"Srednje뚎lska";13
" ";" ";" ";" ";"Vi뚉e뚎lska, visoko뚎lska";8
" ";" ";"2017"
" ";" ";" ";"Dr료vljani RS"
" ";" ";" ";" ";"Osnovno뚎lska ali manj";0
" ";" ";" ";" ";"Srednje뚎lska";0
" ";" ";" ";" ";"Vi뚉e뚎lska, visoko뚎lska";1
" ";" ";" ";"Tuji dr료vljani"
" ";" ";" ";" ";"Osnovno뚎lska ali manj";3
" ";" ";" ";" ";"Srednje뚎lska";14
" ";" ";" ";" ";"Vi뚉e뚎lska, visoko뚎lska";15
" ";"....Zdru룐no kraljestvo"
" ";" ";"2011"
" ";" ";" ";"Dr료vljani RS"
" ";" ";" ";" ";"Osnovno뚎lska ali manj";3
" ";" ";" ";" ";"Srednje뚎lska";13
" ";" ";" ";" ";"Vi뚉e뚎lska, visoko뚎lska";25
" ";" ";" ";"Tuji dr료vljani"
" ";" ";" ";" ";"Osnovno뚎lska ali manj";11
" ";" ";" ";" ";"Srednje뚎lska";7
" ";" ";" ";" ";"Vi뚉e뚎lska, visoko뚎lska";6
" ";" ";"2012"
" ";" ";" ";"Dr료vljani RS"
" ";" ";" ";" ";"Osnovno뚎lska ali manj";7
" ";" ";" ";" ";"Srednje뚎lska";15
" ";" ";" ";" ";"Vi뚉e뚎lska, visoko뚎lska";13
" ";" ";" ";"Tuji dr료vljani"
" ";" ";" ";" ";"Osnovno뚎lska ali manj";19
" ";" ";" ";" ";"Srednje뚎lska";4
" ";" ";" ";" ";"Vi뚉e뚎lska, visoko뚎lska";6
" ";" ";"2013"
" ";" ";" ";"Dr료vljani RS"
" ";" ";" ";" ";"Osnovno뚎lska ali manj";5
" ";" ";" ";" ";"Srednje뚎lska";10
" ";" ";" ";" ";"Vi뚉e뚎lska, visoko뚎lska";11
" ";" ";" ";"Tuji dr료vljani"
" ";" ";" ";" ";"Osnovno뚎lska ali manj";6
" ";" ";" ";" ";"Srednje뚎lska";8
" ";" ";" ";" ";"Vi뚉e뚎lska, visoko뚎lska";5
" ";" ";"2014"
" ";" ";" ";"Dr료vljani RS"
" ";" ";" ";" ";"Osnovno뚎lska ali manj";2
" ";" ";" ";" ";"Srednje뚎lska";15
" ";" ";" ";" ";"Vi뚉e뚎lska, visoko뚎lska";18
" ";" ";" ";"Tuji dr료vljani"
" ";" ";" ";" ";"Osnovno뚎lska ali manj";8
" ";" ";" ";" ";"Srednje뚎lska";5
" ";" ";" ";" ";"Vi뚉e뚎lska, visoko뚎lska";3
" ";" ";"2015"
" ";" ";" ";"Dr료vljani RS"
" ";" ";" ";" ";"Osnovno뚎lska ali manj";4
" ";" ";" ";" ";"Srednje뚎lska";16
" ";" ";" ";" ";"Vi뚉e뚎lska, visoko뚎lska";20
" ";" ";" ";"Tuji dr료vljani"
" ";" ";" ";" ";"Osnovno뚎lska ali manj";10
" ";" ";" ";" ";"Srednje뚎lska";8
" ";" ";" ";" ";"Vi뚉e뚎lska, visoko뚎lska";5
" ";" ";"2016"
" ";" ";" ";"Dr료vljani RS"
" ";" ";" ";" ";"Osnovno뚎lska ali manj";1
" ";" ";" ";" ";"Srednje뚎lska";15
" ";" ";" ";" ";"Vi뚉e뚎lska, visoko뚎lska";31
" ";" ";" ";"Tuji dr료vljani"
" ";" ";" ";" ";"Osnovno뚎lska ali manj";11
" ";" ";" ";" ";"Srednje뚎lska";12
" ";" ";" ";" ";"Vi뚉e뚎lska, visoko뚎lska";8
" ";" ";"2017"
" ";" ";" ";"Dr료vljani RS"
" ";" ";" ";" ";"Osnovno뚎lska ali manj";1
" ";" ";" ";" ";"Srednje뚎lska";16
" ";" ";" ";" ";"Vi뚉e뚎lska, visoko뚎lska";49
" ";" ";" ";"Tuji dr료vljani"
" ";" ";" ";" ";"Osnovno뚎lska ali manj";9
" ";" ";" ";" ";"Srednje뚎lska";10
" ";" ";" ";" ";"Vi뚉e뚎lska, visoko뚎lska";10
" ";"....Ruska federacija"
" ";" ";"2011"
" ";" ";" ";"Dr료vljani RS"
" ";" ";" ";" ";"Osnovno뚎lska ali manj";0
" ";" ";" ";" ";"Srednje뚎lska";5
" ";" ";" ";" ";"Vi뚉e뚎lska, visoko뚎lska";5
" ";" ";" ";"Tuji dr료vljani"
" ";" ";" ";" ";"Osnovno뚎lska ali manj";22
" ";" ";" ";" ";"Srednje뚎lska";18
" ";" ";" ";" ";"Vi뚉e뚎lska, visoko뚎lska";34
" ";" ";"2012"
" ";" ";" ";"Dr료vljani RS"
" ";" ";" ";" ";"Osnovno뚎lska ali manj";0
" ";" ";" ";" ";"Srednje뚎lska";0
" ";" ";" ";" ";"Vi뚉e뚎lska, visoko뚎lska";2
" ";" ";" ";"Tuji dr료vljani"
" ";" ";" ";" ";"Osnovno뚎lska ali manj";26
" ";" ";" ";" ";"Srednje뚎lska";29
" ";" ";" ";" ";"Vi뚉e뚎lska, visoko뚎lska";47
" ";" ";"2013"
" ";" ";" ";"Dr료vljani RS"
" ";" ";" ";" ";"Osnovno뚎lska ali manj";1
" ";" ";" ";" ";"Srednje뚎lska";1
" ";" ";" ";" ";"Vi뚉e뚎lska, visoko뚎lska";1
" ";" ";" ";"Tuji dr료vljani"
" ";" ";" ";" ";"Osnovno뚎lska ali manj";59
" ";" ";" ";" ";"Srednje뚎lska";33
" ";" ";" ";" ";"Vi뚉e뚎lska, visoko뚎lska";43
" ";" ";"2014"
" ";" ";" ";"Dr료vljani RS"
" ";" ";" ";" ";"Osnovno뚎lska ali manj";0
" ";" ";" ";" ";"Srednje뚎lska";2
" ";" ";" ";" ";"Vi뚉e뚎lska, visoko뚎lska";0
" ";" ";" ";"Tuji dr료vljani"
" ";" ";" ";" ";"Osnovno뚎lska ali manj";85
" ";" ";" ";" ";"Srednje뚎lska";42
" ";" ";" ";" ";"Vi뚉e뚎lska, visoko뚎lska";67
" ";" ";"2015"
" ";" ";" ";"Dr료vljani RS"
" ";" ";" ";" ";"Osnovno뚎lska ali manj";0
" ";" ";" ";" ";"Srednje뚎lska";2
" ";" ";" ";" ";"Vi뚉e뚎lska, visoko뚎lska";2
" ";" ";" ";"Tuji dr료vljani"
" ";" ";" ";" ";"Osnovno뚎lska ali manj";88
" ";" ";" ";" ";"Srednje뚎lska";57
" ";" ";" ";" ";"Vi뚉e뚎lska, visoko뚎lska";102
" ";" ";"2016"
" ";" ";" ";"Dr료vljani RS"
" ";" ";" ";" ";"Osnovno뚎lska ali manj";0
" ";" ";" ";" ";"Srednje뚎lska";1
" ";" ";" ";" ";"Vi뚉e뚎lska, visoko뚎lska";3
" ";" ";" ";"Tuji dr료vljani"
" ";" ";" ";" ";"Osnovno뚎lska ali manj";48
" ";" ";" ";" ";"Srednje뚎lska";41
" ";" ";" ";" ";"Vi뚉e뚎lska, visoko뚎lska";117
" ";" ";"2017"
" ";" ";" ";"Dr료vljani RS"
" ";" ";" ";" ";"Osnovno뚎lska ali manj";0
" ";" ";" ";" ";"Srednje뚎lska";0
" ";" ";" ";" ";"Vi뚉e뚎lska, visoko뚎lska";3
" ";" ";" ";"Tuji dr료vljani"
" ";" ";" ";" ";"Osnovno뚎lska ali manj";62
" ";" ";" ";" ";"Srednje뚎lska";48
" ";" ";" ";" ";"Vi뚉e뚎lska, visoko뚎lska";89
" ";"....굤ica"
" ";" ";"2011"
" ";" ";" ";"Dr료vljani RS"
" ";" ";" ";" ";"Osnovno뚎lska ali manj";20
" ";" ";" ";" ";"Srednje뚎lska";26
" ";" ";" ";" ";"Vi뚉e뚎lska, visoko뚎lska";26
" ";" ";" ";"Tuji dr료vljani"
" ";" ";" ";" ";"Osnovno뚎lska ali manj";3
" ";" ";" ";" ";"Srednje뚎lska";1
" ";" ";" ";" ";"Vi뚉e뚎lska, visoko뚎lska";1
" ";" ";"2012"
" ";" ";" ";"Dr료vljani RS"
" ";" ";" ";" ";"Osnovno뚎lska ali manj";12
" ";" ";" ";" ";"Srednje뚎lska";18
" ";" ";" ";" ";"Vi뚉e뚎lska, visoko뚎lska";15
" ";" ";" ";"Tuji dr료vljani"
" ";" ";" ";" ";"Osnovno뚎lska ali manj";5
" ";" ";" ";" ";"Srednje뚎lska";3
" ";" ";" ";" ";"Vi뚉e뚎lska, visoko뚎lska";1
" ";" ";"2013"
" ";" ";" ";"Dr료vljani RS"
" ";" ";" ";" ";"Osnovno뚎lska ali manj";13
" ";" ";" ";" ";"Srednje뚎lska";23
" ";" ";" ";" ";"Vi뚉e뚎lska, visoko뚎lska";11
" ";" ";" ";"Tuji dr료vljani"
" ";" ";" ";" ";"Osnovno뚎lska ali manj";3
" ";" ";" ";" ";"Srednje뚎lska";2
" ";" ";" ";" ";"Vi뚉e뚎lska, visoko뚎lska";0
" ";" ";"2014"
" ";" ";" ";"Dr료vljani RS"
" ";" ";" ";" ";"Osnovno뚎lska ali manj";13
" ";" ";" ";" ";"Srednje뚎lska";19
" ";" ";" ";" ";"Vi뚉e뚎lska, visoko뚎lska";10
" ";" ";" ";"Tuji dr료vljani"
" ";" ";" ";" ";"Osnovno뚎lska ali manj";2
" ";" ";" ";" ";"Srednje뚎lska";0
" ";" ";" ";" ";"Vi뚉e뚎lska, visoko뚎lska";1
" ";" ";"2015"
" ";" ";" ";"Dr료vljani RS"
" ";" ";" ";" ";"Osnovno뚎lska ali manj";12
" ";" ";" ";" ";"Srednje뚎lska";23
" ";" ";" ";" ";"Vi뚉e뚎lska, visoko뚎lska";22
" ";" ";" ";"Tuji dr료vljani"
" ";" ";" ";" ";"Osnovno뚎lska ali manj";2
" ";" ";" ";" ";"Srednje뚎lska";3
" ";" ";" ";" ";"Vi뚉e뚎lska, visoko뚎lska";1
" ";" ";"2016"
" ";" ";" ";"Dr료vljani RS"
" ";" ";" ";" ";"Osnovno뚎lska ali manj";4
" ";" ";" ";" ";"Srednje뚎lska";20
" ";" ";" ";" ";"Vi뚉e뚎lska, visoko뚎lska";25
" ";" ";" ";"Tuji dr료vljani"
" ";" ";" ";" ";"Osnovno뚎lska ali manj";5
" ";" ";" ";" ";"Srednje뚎lska";2
" ";" ";" ";" ";"Vi뚉e뚎lska, visoko뚎lska";0
" ";" ";"2017"
" ";" ";" ";"Dr료vljani RS"
" ";" ";" ";" ";"Osnovno뚎lska ali manj";24
" ";" ";" ";" ";"Srednje뚎lska";35
" ";" ";" ";" ";"Vi뚉e뚎lska, visoko뚎lska";17
" ";" ";" ";"Tuji dr료vljani"
" ";" ";" ";" ";"Osnovno뚎lska ali manj";1
" ";" ";" ";" ";"Srednje뚎lska";3
" ";" ";" ";" ";"Vi뚉e뚎lska, visoko뚎lska";1
" ";"....Ukrajina"
" ";" ";"2011"
" ";" ";" ";"Dr료vljani RS"
" ";" ";" ";" ";"Osnovno뚎lska ali manj";0
" ";" ";" ";" ";"Srednje뚎lska";1
" ";" ";" ";" ";"Vi뚉e뚎lska, visoko뚎lska";1
" ";" ";" ";"Tuji dr료vljani"
" ";" ";" ";" ";"Osnovno뚎lska ali manj";90
" ";" ";" ";" ";"Srednje뚎lska";32
" ";" ";" ";" ";"Vi뚉e뚎lska, visoko뚎lska";19
" ";" ";"2012"
" ";" ";" ";"Dr료vljani RS"
" ";" ";" ";" ";"Osnovno뚎lska ali manj";2
" ";" ";" ";" ";"Srednje뚎lska";0
" ";" ";" ";" ";"Vi뚉e뚎lska, visoko뚎lska";2
" ";" ";" ";"Tuji dr료vljani"
" ";" ";" ";" ";"Osnovno뚎lska ali manj";66
" ";" ";" ";" ";"Srednje뚎lska";34
" ";" ";" ";" ";"Vi뚉e뚎lska, visoko뚎lska";27
" ";" ";"2013"
" ";" ";" ";"Dr료vljani RS"
" ";" ";" ";" ";"Osnovno뚎lska ali manj";0
" ";" ";" ";" ";"Srednje뚎lska";0
" ";" ";" ";" ";"Vi뚉e뚎lska, visoko뚎lska";0
" ";" ";" ";"Tuji dr료vljani"
" ";" ";" ";" ";"Osnovno뚎lska ali manj";51
" ";" ";" ";" ";"Srednje뚎lska";20
" ";" ";" ";" ";"Vi뚉e뚎lska, visoko뚎lska";25
" ";" ";"2014"
" ";" ";" ";"Dr료vljani RS"
" ";" ";" ";" ";"Osnovno뚎lska ali manj";0
" ";" ";" ";" ";"Srednje뚎lska";0
" ";" ";" ";" ";"Vi뚉e뚎lska, visoko뚎lska";0
" ";" ";" ";"Tuji dr료vljani"
" ";" ";" ";" ";"Osnovno뚎lska ali manj";54
" ";" ";" ";" ";"Srednje뚎lska";25
" ";" ";" ";" ";"Vi뚉e뚎lska, visoko뚎lska";21
" ";" ";"2015"
" ";" ";" ";"Dr료vljani RS"
" ";" ";" ";" ";"Osnovno뚎lska ali manj";1
" ";" ";" ";" ";"Srednje뚎lska";1
" ";" ";" ";" ";"Vi뚉e뚎lska, visoko뚎lska";2
" ";" ";" ";"Tuji dr료vljani"
" ";" ";" ";" ";"Osnovno뚎lska ali manj";54
" ";" ";" ";" ";"Srednje뚎lska";45
" ";" ";" ";" ";"Vi뚉e뚎lska, visoko뚎lska";43
" ";" ";"2016"
" ";" ";" ";"Dr료vljani RS"
" ";" ";" ";" ";"Osnovno뚎lska ali manj";0
" ";" ";" ";" ";"Srednje뚎lska";1
" ";" ";" ";" ";"Vi뚉e뚎lska, visoko뚎lska";0
" ";" ";" ";"Tuji dr료vljani"
" ";" ";" ";" ";"Osnovno뚎lska ali manj";40
" ";" ";" ";" ";"Srednje뚎lska";31
" ";" ";" ";" ";"Vi뚉e뚎lska, visoko뚎lska";42
" ";" ";"2017"
" ";" ";" ";"Dr료vljani RS"
" ";" ";" ";" ";"Osnovno뚎lska ali manj";0
" ";" ";" ";" ";"Srednje뚎lska";0
" ";" ";" ";" ";"Vi뚉e뚎lska, visoko뚎lska";0
" ";" ";" ";"Tuji dr료vljani"
" ";" ";" ";" ";"Osnovno뚎lska ali manj";46
" ";" ";" ";" ";"Srednje뚎lska";37
" ";" ";" ";" ";"Vi뚉e뚎lska, visoko뚎lska";48
" ";"AFRIKA"
" ";" ";"2011"
" ";" ";" ";"Dr료vljani RS"
" ";" ";" ";" ";"Osnovno뚎lska ali manj";2
" ";" ";" ";" ";"Srednje뚎lska";0
" ";" ";" ";" ";"Vi뚉e뚎lska, visoko뚎lska";7
" ";" ";" ";"Tuji dr료vljani"
" ";" ";" ";" ";"Osnovno뚎lska ali manj";6
" ";" ";" ";" ";"Srednje뚎lska";5
" ";" ";" ";" ";"Vi뚉e뚎lska, visoko뚎lska";2
" ";" ";"2012"
" ";" ";" ";"Dr료vljani RS"
" ";" ";" ";" ";"Osnovno뚎lska ali manj";1
" ";" ";" ";" ";"Srednje뚎lska";4
" ";" ";" ";" ";"Vi뚉e뚎lska, visoko뚎lska";4
" ";" ";" ";"Tuji dr료vljani"
" ";" ";" ";" ";"Osnovno뚎lska ali manj";5
" ";" ";" ";" ";"Srednje뚎lska";3
" ";" ";" ";" ";"Vi뚉e뚎lska, visoko뚎lska";3
" ";" ";"2013"
" ";" ";" ";"Dr료vljani RS"
" ";" ";" ";" ";"Osnovno뚎lska ali manj";1
" ";" ";" ";" ";"Srednje뚎lska";0
" ";" ";" ";" ";"Vi뚉e뚎lska, visoko뚎lska";6
" ";" ";" ";"Tuji dr료vljani"
" ";" ";" ";" ";"Osnovno뚎lska ali manj";6
" ";" ";" ";" ";"Srednje뚎lska";2
" ";" ";" ";" ";"Vi뚉e뚎lska, visoko뚎lska";3
" ";" ";"2014"
" ";" ";" ";"Dr료vljani RS"
" ";" ";" ";" ";"Osnovno뚎lska ali manj";3
" ";" ";" ";" ";"Srednje뚎lska";2
" ";" ";" ";" ";"Vi뚉e뚎lska, visoko뚎lska";1
" ";" ";" ";"Tuji dr료vljani"
" ";" ";" ";" ";"Osnovno뚎lska ali manj";10
" ";" ";" ";" ";"Srednje뚎lska";5
" ";" ";" ";" ";"Vi뚉e뚎lska, visoko뚎lska";3
" ";" ";"2015"
" ";" ";" ";"Dr료vljani RS"
" ";" ";" ";" ";"Osnovno뚎lska ali manj";1
" ";" ";" ";" ";"Srednje뚎lska";2
" ";" ";" ";" ";"Vi뚉e뚎lska, visoko뚎lska";2
" ";" ";" ";"Tuji dr료vljani"
" ";" ";" ";" ";"Osnovno뚎lska ali manj";9
" ";" ";" ";" ";"Srednje뚎lska";6
" ";" ";" ";" ";"Vi뚉e뚎lska, visoko뚎lska";3
" ";" ";"2016"
" ";" ";" ";"Dr료vljani RS"
" ";" ";" ";" ";"Osnovno뚎lska ali manj";4
" ";" ";" ";" ";"Srednje뚎lska";3
" ";" ";" ";" ";"Vi뚉e뚎lska, visoko뚎lska";3
" ";" ";" ";"Tuji dr료vljani"
" ";" ";" ";" ";"Osnovno뚎lska ali manj";9
" ";" ";" ";" ";"Srednje뚎lska";5
" ";" ";" ";" ";"Vi뚉e뚎lska, visoko뚎lska";2
" ";" ";"2017"
" ";" ";" ";"Dr료vljani RS"
" ";" ";" ";" ";"Osnovno뚎lska ali manj";0
" ";" ";" ";" ";"Srednje뚎lska";1
" ";" ";" ";" ";"Vi뚉e뚎lska, visoko뚎lska";5
" ";" ";" ";"Tuji dr료vljani"
" ";" ";" ";" ";"Osnovno뚎lska ali manj";4
" ";" ";" ";" ";"Srednje뚎lska";8
" ";" ";" ";" ";"Vi뚉e뚎lska, visoko뚎lska";6
" ";"AZIJA"
" ";" ";"2011"
" ";" ";" ";"Dr료vljani RS"
" ";" ";" ";" ";"Osnovno뚎lska ali manj";2
" ";" ";" ";" ";"Srednje뚎lska";3
" ";" ";" ";" ";"Vi뚉e뚎lska, visoko뚎lska";19
" ";" ";" ";"Tuji dr료vljani"
" ";" ";" ";" ";"Osnovno뚎lska ali manj";57
" ";" ";" ";" ";"Srednje뚎lska";44
" ";" ";" ";" ";"Vi뚉e뚎lska, visoko뚎lska";27
" ";" ";"2012"
" ";" ";" ";"Dr료vljani RS"
" ";" ";" ";" ";"Osnovno뚎lska ali manj";1
" ";" ";" ";" ";"Srednje뚎lska";7
" ";" ";" ";" ";"Vi뚉e뚎lska, visoko뚎lska";8
" ";" ";" ";"Tuji dr료vljani"
" ";" ";" ";" ";"Osnovno뚎lska ali manj";54
" ";" ";" ";" ";"Srednje뚎lska";63
" ";" ";" ";" ";"Vi뚉e뚎lska, visoko뚎lska";16
" ";" ";"2013"
" ";" ";" ";"Dr료vljani RS"
" ";" ";" ";" ";"Osnovno뚎lska ali manj";0
" ";" ";" ";" ";"Srednje뚎lska";5
" ";" ";" ";" ";"Vi뚉e뚎lska, visoko뚎lska";6
" ";" ";" ";"Tuji dr료vljani"
" ";" ";" ";" ";"Osnovno뚎lska ali manj";58
" ";" ";" ";" ";"Srednje뚎lska";47
" ";" ";" ";" ";"Vi뚉e뚎lska, visoko뚎lska";21
" ";" ";"2014"
" ";" ";" ";"Dr료vljani RS"
" ";" ";" ";" ";"Osnovno뚎lska ali manj";5
" ";" ";" ";" ";"Srednje뚎lska";4
" ";" ";" ";" ";"Vi뚉e뚎lska, visoko뚎lska";16
" ";" ";" ";"Tuji dr료vljani"
" ";" ";" ";" ";"Osnovno뚎lska ali manj";44
" ";" ";" ";" ";"Srednje뚎lska";46
" ";" ";" ";" ";"Vi뚉e뚎lska, visoko뚎lska";29
" ";" ";"2015"
" ";" ";" ";"Dr료vljani RS"
" ";" ";" ";" ";"Osnovno뚎lska ali manj";3
" ";" ";" ";" ";"Srednje뚎lska";5
" ";" ";" ";" ";"Vi뚉e뚎lska, visoko뚎lska";15
" ";" ";" ";"Tuji dr료vljani"
" ";" ";" ";" ";"Osnovno뚎lska ali manj";54
" ";" ";" ";" ";"Srednje뚎lska";51
" ";" ";" ";" ";"Vi뚉e뚎lska, visoko뚎lska";48
" ";" ";"2016"
" ";" ";" ";"Dr료vljani RS"
" ";" ";" ";" ";"Osnovno뚎lska ali manj";3
" ";" ";" ";" ";"Srednje뚎lska";9
" ";" ";" ";" ";"Vi뚉e뚎lska, visoko뚎lska";19
" ";" ";" ";"Tuji dr료vljani"
" ";" ";" ";" ";"Osnovno뚎lska ali manj";50
" ";" ";" ";" ";"Srednje뚎lska";65
" ";" ";" ";" ";"Vi뚉e뚎lska, visoko뚎lska";40
" ";" ";"2017"
" ";" ";" ";"Dr료vljani RS"
" ";" ";" ";" ";"Osnovno뚎lska ali manj";3
" ";" ";" ";" ";"Srednje뚎lska";9
" ";" ";" ";" ";"Vi뚉e뚎lska, visoko뚎lska";30
" ";" ";" ";"Tuji dr료vljani"
" ";" ";" ";" ";"Osnovno뚎lska ali manj";89
" ";" ";" ";" ";"Srednje뚎lska";51
" ";" ";" ";" ";"Vi뚉e뚎lska, visoko뚎lska";47
" ";"SEVERNA IN SREDNJA AMERIKA"
" ";" ";"2011"
" ";" ";" ";"Dr료vljani RS"
" ";" ";" ";" ";"Osnovno뚎lska ali manj";20
" ";" ";" ";" ";"Srednje뚎lska";24
" ";" ";" ";" ";"Vi뚉e뚎lska, visoko뚎lska";26
" ";" ";" ";"Tuji dr료vljani"
" ";" ";" ";" ";"Osnovno뚎lska ali manj";39
" ";" ";" ";" ";"Srednje뚎lska";9
" ";" ";" ";" ";"Vi뚉e뚎lska, visoko뚎lska";5
" ";" ";"2012"
" ";" ";" ";"Dr료vljani RS"
" ";" ";" ";" ";"Osnovno뚎lska ali manj";8
" ";" ";" ";" ";"Srednje뚎lska";20
" ";" ";" ";" ";"Vi뚉e뚎lska, visoko뚎lska";15
" ";" ";" ";"Tuji dr료vljani"
" ";" ";" ";" ";"Osnovno뚎lska ali manj";31
" ";" ";" ";" ";"Srednje뚎lska";12
" ";" ";" ";" ";"Vi뚉e뚎lska, visoko뚎lska";7
" ";" ";"2013"
" ";" ";" ";"Dr료vljani RS"
" ";" ";" ";" ";"Osnovno뚎lska ali manj";13
" ";" ";" ";" ";"Srednje뚎lska";19
" ";" ";" ";" ";"Vi뚉e뚎lska, visoko뚎lska";19
" ";" ";" ";"Tuji dr료vljani"
" ";" ";" ";" ";"Osnovno뚎lska ali manj";25
" ";" ";" ";" ";"Srednje뚎lska";17
" ";" ";" ";" ";"Vi뚉e뚎lska, visoko뚎lska";8
" ";" ";"2014"
" ";" ";" ";"Dr료vljani RS"
" ";" ";" ";" ";"Osnovno뚎lska ali manj";15
" ";" ";" ";" ";"Srednje뚎lska";13
" ";" ";" ";" ";"Vi뚉e뚎lska, visoko뚎lska";16
" ";" ";" ";"Tuji dr료vljani"
" ";" ";" ";" ";"Osnovno뚎lska ali manj";26
" ";" ";" ";" ";"Srednje뚎lska";10
" ";" ";" ";" ";"Vi뚉e뚎lska, visoko뚎lska";6
" ";" ";"2015"
" ";" ";" ";"Dr료vljani RS"
" ";" ";" ";" ";"Osnovno뚎lska ali manj";7
" ";" ";" ";" ";"Srednje뚎lska";19
" ";" ";" ";" ";"Vi뚉e뚎lska, visoko뚎lska";27
" ";" ";" ";"Tuji dr료vljani"
" ";" ";" ";" ";"Osnovno뚎lska ali manj";32
" ";" ";" ";" ";"Srednje뚎lska";10
" ";" ";" ";" ";"Vi뚉e뚎lska, visoko뚎lska";22
" ";" ";"2016"
" ";" ";" ";"Dr료vljani RS"
" ";" ";" ";" ";"Osnovno뚎lska ali manj";10
" ";" ";" ";" ";"Srednje뚎lska";12
" ";" ";" ";" ";"Vi뚉e뚎lska, visoko뚎lska";39
" ";" ";" ";"Tuji dr료vljani"
" ";" ";" ";" ";"Osnovno뚎lska ali manj";16
" ";" ";" ";" ";"Srednje뚎lska";12
" ";" ";" ";" ";"Vi뚉e뚎lska, visoko뚎lska";16
" ";" ";"2017"
" ";" ";" ";"Dr료vljani RS"
" ";" ";" ";" ";"Osnovno뚎lska ali manj";4
" ";" ";" ";" ";"Srednje뚎lska";18
" ";" ";" ";" ";"Vi뚉e뚎lska, visoko뚎lska";26
" ";" ";" ";"Tuji dr료vljani"
" ";" ";" ";" ";"Osnovno뚎lska ali manj";29
" ";" ";" ";" ";"Srednje뚎lska";20
" ";" ";" ";" ";"Vi뚉e뚎lska, visoko뚎lska";17
" ";"JU꾍A AMERIKA"
" ";" ";"2011"
" ";" ";" ";"Dr료vljani RS"
" ";" ";" ";" ";"Osnovno뚎lska ali manj";4
" ";" ";" ";" ";"Srednje뚎lska";4
" ";" ";" ";" ";"Vi뚉e뚎lska, visoko뚎lska";5
" ";" ";" ";"Tuji dr료vljani"
" ";" ";" ";" ";"Osnovno뚎lska ali manj";10
" ";" ";" ";" ";"Srednje뚎lska";7
" ";" ";" ";" ";"Vi뚉e뚎lska, visoko뚎lska";4
" ";" ";"2012"
" ";" ";" ";"Dr료vljani RS"
" ";" ";" ";" ";"Osnovno뚎lska ali manj";4
" ";" ";" ";" ";"Srednje뚎lska";4
" ";" ";" ";" ";"Vi뚉e뚎lska, visoko뚎lska";4
" ";" ";" ";"Tuji dr료vljani"
" ";" ";" ";" ";"Osnovno뚎lska ali manj";4
" ";" ";" ";" ";"Srednje뚎lska";11
" ";" ";" ";" ";"Vi뚉e뚎lska, visoko뚎lska";3
" ";" ";"2013"
" ";" ";" ";"Dr료vljani RS"
" ";" ";" ";" ";"Osnovno뚎lska ali manj";0
" ";" ";" ";" ";"Srednje뚎lska";3
" ";" ";" ";" ";"Vi뚉e뚎lska, visoko뚎lska";4
" ";" ";" ";"Tuji dr료vljani"
" ";" ";" ";" ";"Osnovno뚎lska ali manj";11
" ";" ";" ";" ";"Srednje뚎lska";8
" ";" ";" ";" ";"Vi뚉e뚎lska, visoko뚎lska";3
" ";" ";"2014"
" ";" ";" ";"Dr료vljani RS"
" ";" ";" ";" ";"Osnovno뚎lska ali manj";4
" ";" ";" ";" ";"Srednje뚎lska";4
" ";" ";" ";" ";"Vi뚉e뚎lska, visoko뚎lska";1
" ";" ";" ";"Tuji dr료vljani"
" ";" ";" ";" ";"Osnovno뚎lska ali manj";2
" ";" ";" ";" ";"Srednje뚎lska";6
" ";" ";" ";" ";"Vi뚉e뚎lska, visoko뚎lska";7
" ";" ";"2015"
" ";" ";" ";"Dr료vljani RS"
" ";" ";" ";" ";"Osnovno뚎lska ali manj";1
" ";" ";" ";" ";"Srednje뚎lska";1
" ";" ";" ";" ";"Vi뚉e뚎lska, visoko뚎lska";5
" ";" ";" ";"Tuji dr료vljani"
" ";" ";" ";" ";"Osnovno뚎lska ali manj";9
" ";" ";" ";" ";"Srednje뚎lska";10
" ";" ";" ";" ";"Vi뚉e뚎lska, visoko뚎lska";7
" ";" ";"2016"
" ";" ";" ";"Dr료vljani RS"
" ";" ";" ";" ";"Osnovno뚎lska ali manj";1
" ";" ";" ";" ";"Srednje뚎lska";5
" ";" ";" ";" ";"Vi뚉e뚎lska, visoko뚎lska";4
" ";" ";" ";"Tuji dr료vljani"
" ";" ";" ";" ";"Osnovno뚎lska ali manj";9
" ";" ";" ";" ";"Srednje뚎lska";3
" ";" ";" ";" ";"Vi뚉e뚎lska, visoko뚎lska";13
" ";" ";"2017"
" ";" ";" ";"Dr료vljani RS"
" ";" ";" ";" ";"Osnovno뚎lska ali manj";1
" ";" ";" ";" ";"Srednje뚎lska";11
" ";" ";" ";" ";"Vi뚉e뚎lska, visoko뚎lska";8
" ";" ";" ";"Tuji dr료vljani"
" ";" ";" ";" ";"Osnovno뚎lska ali manj";8
" ";" ";" ";" ";"Srednje뚎lska";8
" ";" ";" ";" ";"Vi뚉e뚎lska, visoko뚎lska";8
" ";"AVSTRALIJA IN OCEANIJA"
" ";" ";"2011"
" ";" ";" ";"Dr료vljani RS"
" ";" ";" ";" ";"Osnovno뚎lska ali manj";6
" ";" ";" ";" ";"Srednje뚎lska";7
" ";" ";" ";" ";"Vi뚉e뚎lska, visoko뚎lska";9
" ";" ";" ";"Tuji dr료vljani"
" ";" ";" ";" ";"Osnovno뚎lska ali manj";3
" ";" ";" ";" ";"Srednje뚎lska";3
" ";" ";" ";" ";"Vi뚉e뚎lska, visoko뚎lska";1
" ";" ";"2012"
" ";" ";" ";"Dr료vljani RS"
" ";" ";" ";" ";"Osnovno뚎lska ali manj";1
" ";" ";" ";" ";"Srednje뚎lska";12
" ";" ";" ";" ";"Vi뚉e뚎lska, visoko뚎lska";5
" ";" ";" ";"Tuji dr료vljani"
" ";" ";" ";" ";"Osnovno뚎lska ali manj";3
" ";" ";" ";" ";"Srednje뚎lska";2
" ";" ";" ";" ";"Vi뚉e뚎lska, visoko뚎lska";1
" ";" ";"2013"
" ";" ";" ";"Dr료vljani RS"
" ";" ";" ";" ";"Osnovno뚎lska ali manj";8
" ";" ";" ";" ";"Srednje뚎lska";10
" ";" ";" ";" ";"Vi뚉e뚎lska, visoko뚎lska";10
" ";" ";" ";"Tuji dr료vljani"
" ";" ";" ";" ";"Osnovno뚎lska ali manj";3
" ";" ";" ";" ";"Srednje뚎lska";3
" ";" ";" ";" ";"Vi뚉e뚎lska, visoko뚎lska";0
" ";" ";"2014"
" ";" ";" ";"Dr료vljani RS"
" ";" ";" ";" ";"Osnovno뚎lska ali manj";5
" ";" ";" ";" ";"Srednje뚎lska";7
" ";" ";" ";" ";"Vi뚉e뚎lska, visoko뚎lska";10
" ";" ";" ";"Tuji dr료vljani"
" ";" ";" ";" ";"Osnovno뚎lska ali manj";1
" ";" ";" ";" ";"Srednje뚎lska";1
" ";" ";" ";" ";"Vi뚉e뚎lska, visoko뚎lska";3
" ";" ";"2015"
" ";" ";" ";"Dr료vljani RS"
" ";" ";" ";" ";"Osnovno뚎lska ali manj";7
" ";" ";" ";" ";"Srednje뚎lska";5
" ";" ";" ";" ";"Vi뚉e뚎lska, visoko뚎lska";14
" ";" ";" ";"Tuji dr료vljani"
" ";" ";" ";" ";"Osnovno뚎lska ali manj";1
" ";" ";" ";" ";"Srednje뚎lska";3
" ";" ";" ";" ";"Vi뚉e뚎lska, visoko뚎lska";0
" ";" ";"2016"
" ";" ";" ";"Dr료vljani RS"
" ";" ";" ";" ";"Osnovno뚎lska ali manj";3
" ";" ";" ";" ";"Srednje뚎lska";13
" ";" ";" ";" ";"Vi뚉e뚎lska, visoko뚎lska";7
" ";" ";" ";"Tuji dr료vljani"
" ";" ";" ";" ";"Osnovno뚎lska ali manj";3
" ";" ";" ";" ";"Srednje뚎lska";1
" ";" ";" ";" ";"Vi뚉e뚎lska, visoko뚎lska";3
" ";" ";"2017"
" ";" ";" ";"Dr료vljani RS"
" ";" ";" ";" ";"Osnovno뚎lska ali manj";2
" ";" ";" ";" ";"Srednje뚎lska";4
" ";" ";" ";" ";"Vi뚉e뚎lska, visoko뚎lska";6
" ";" ";" ";"Tuji dr료vljani"
" ";" ";" ";" ";"Osnovno뚎lska ali manj";2
" ";" ";" ";" ";"Srednje뚎lska";3
" ";" ";" ";" ";"Vi뚉e뚎lska, visoko뚎lska";2

"Vir: Statisti迫i urad Republike Slovenije. "
" "

"Povezane vsebine: "
"- (seznam HREF=http://www.stat.si/statweb/File/DocSysFile/7785 "
"target=_blank) Metodolo뚊a pojasnila"

